Labeler.Code,Product.Code,Product,Strength,DEA.Schedule,Opiate,Units.Reimbursed,Number.of.Prescriptions
00781,1077,ALPRAZOLAM,0.5,CIV,,58302616.74,917728
61703,0332,BLEOMYCIN,15,,,114.21,18
24385,0403,ACETAMINOPHEN,325,,,2483355,27267
00378,0030,CLORAZEPATE DIPOTASSIUM,3.75,CIV,,5183855.008,3746234
17478,0063,MINERAL OIL AND PETROLATUM,120; 880,,,19105.739999999998,2828
00006,0952,LOSARTAN POTASSIUM,50,,,70193242.242,1702491
00085,0517,BETAMETHASONE DIPROPIONATE,0.5,,,1293187.902,1872300
50419,0825,AZELAIC ACID,0.15,,,694578,22107
50111,0901,ETHOSUXIMIDE,250,,,2746816,27370
51079,0863,CAPTOPRIL,12.5,,,564965.076,10978
52544,0622,HYDROCHLOROTHIAZIDE,12.5,,,2256927,46791
49614,0467,ASPIRIN,81,,,8293,254
00009,0017,TRIAZOLAM,0.25,CIV,,69478,1769
00406,8958,DEXTROAMPHETAMINE SULFATE,5,CII,,215551,2164
57664,0397,METFORMIN HYDROCHLORIDE,500,,,22469487.856,314303
00781,2824,FLUOXETINE HYDROCHLORIDE,40,,,4882402.6,137718
00172,3925,DIAZEPAM,2,CIV,,3984716.6,69352
65597,0107,OLMESARTAN MEDOXOMIL-HYDROCHLOROTHIAZIDE,40; 25,,,3127783.664,97501
00781,2229,THIOTHIXENE,10,,,4011758,51940
00487,9801,IPRATROPIUM BROMIDE,0.5,,,11699862.012,73258
68180,0202,CEFIXIME,100,,,2044075.6,24060
00093,8739,MEXILETINE HYDROCHLORIDE,150,,,1544824,18150
54092,0004,MIDODRINE HYDROCHLORIDE,5,,,2691599,30332
63304,0737,BENAZEPRIL HYDROCHLORIDE,10,,,448064.888,12438
00069,5420,HYDROXYZINE PAMOATE,50,,,50611,693
00378,3025,CLOMIPRAMINE HYDROCHLORIDE,25,,,686249,409841
00487,9501,ALBUTEROL SULFATE,2.5,,,19952118.378,98681
00168,0081,NYSTATIN AND TRIAMCINOLONE ACETONIDE,100000; 1,,,8524592.86,199708
50111,0648,FLUOXETINE,20,,,18858595.4,414951
00093,8305,CIMETIDINE,800,,,745034,14111
00002,4455,OLANZAPINE,15,,,3815463,3080506
51672,4032,WARFARIN SODIUM,5,,,20730987.77,602247
00121,0721,FLUOXETINE HYDROCHLORIDE,20,,,1943015,14146
00378,0860,CLOZAPINE,100,,,23182318.22,2059024
00168,0060,FLUOCINOLONE ACETONIDE,0.25,,,2933859.326,58283
60505,0096,DOXAZOSIN,8,,,2296913,61002
00074,1658,PARICALCITOL,5,,,2016105.4000000001,1648757
00245,0041,POTASSIUM CHLORIDE,750,,,95152016.808,1773608
00065,0660,APRACLONIDINE HYDROCHLORIDE,10,,,1394.414,132
00132,0201,"SODIUM PHOSPHATE, DIBASIC AND SODIUM PHOSPHATE, MONOBASIC",7; 19,,,36310739.412,64403
00132,0201,"SODIUM PHOSPHATE, DIBASIC AND SODIUM PHOSPHATE, MONOBASIC",7; 19,,,36310739.412,64403
00093,0264,FLUOCINONIDE,0.5,,,4150831.6,68792
11701,0045,MICONAZOLE NITRATE,20,,,15736780.34,105349
50419,0453,ESTRADIOL,0.075,,,89774.8,20173
00168,0312,ECONAZOLE NITRATE,10,,,15665272.93,285089
00093,0811,NORTRIPTYLINE HYDROCHLORIDE,25,,,5267167,103504
54838,0144,ACETAMINOPHEN,160,,,83439498.692,509837
45802,0269,PERMETHRIN,50,,,18263853.84,308233
24208,0785,"NEOMYCIN SULFATE AND POLYMYXIN B SULFATE, BACITRACIN ZINC AND HYDROCORTISONE",3.5; 10000; 400; 10,,,12127.85,3330
00185,0053,BENAZEPRIL HYDROCHLORIDE,10,,,2065078,51071
00074,6214,DIVALPROEX SODIUM,250,,,204853382.53,2405413
00603,3856,HYDROCHLOROTHIAZIDE,25,,,64447301.922,1984987
00378,0531,SULINDAC,200,,,2326789.8,619205
00591,5643,MINOXIDIL,10,,,4675760.38,81473
00054,4181,DEXAMETHASONE,1,,,880960.019,20516
59762,5007,MISOPROSTOL,100,,,439935,5750
00004,1100,CAPECITABINE,150,,,141926,2966
00071,2214,PHENYTOIN,125,,,52781286.42,175942
63868,0052,MENTHOL,7.5,,,8460,212
00536,4092,BENZOYL PEROXIDE,100,,,336116.968,7096
00065,8533,CIPROFLOXACIN AND DEXAMETHASONE,3; 1,,,4479836.47,558471
00603,1329,CODEINE PHOSPHATE AND GUAIFENESIN,10; 100,CV,YES,6900503.754,32619
61570,0073,ESTERIFIED ESTROGENS,0.625,,,1301791.4,36709
60505,0083,PAROXETINE HYDROCHLORIDE,20,,,29162760.512000002,869759
45802,0423,DESONIDE,0.5,,,615086,11567
00574,0601,PODOPHYLLUM RESIN,1,,,2886,157
00555,0899,ESTRADIOL,0.5,,,1570072.6,44902
50458,0325,RISPERIDONE,2,,,3417833.56,526962
00186,0742,OMEPRAZOLE MAGNESIUM,20,,,24594653.645,3067111
00378,9102,NITROGLYCERIN,0.1,,,3277727,1226275
00527,1345,LEVOTHYROXINE SODIUM,0.1,,,5121154,158103
00378,2077,LISINOPRIL,30,,,1004226,29191
00378,0218,ATENOLOL,25,,,35117095.418,913160
00087,6060,METFORMIN HYDROCHLORIDE,500,,,27163073,306818
49884,0009,ISOSORBIDE DINITRATE,30,,,5658333.532,82919
00591,5620,DIAZEPAM,10,CIV,,27001421.66,406232
00185,0647,PHENTERMINE HYDROCHLORIDE,30,CIV,,38275,1171
00245,0147,AMIODARONE HYDROCHLORIDE,200,,,8097075.1,218464
67253,0461,GLYBURIDE,3,,,1099699.2,19933
61314,0226,TIMOLOL MALEATE,2.5,,,240630.64,29281
00009,0280,METHYLPREDNISOLONE ACETATE,40,,,97211.6,58286
00009,0280,METHYLPREDNISOLONE ACETATE,40,,,97211.6,58286
00009,0055,ALPRAZOLAM,0.5,CIV,,1350447,15007
53489,0478,SULINDAC,150,,,1612216,29288
00378,6004,FLUPHENAZINE HYDROCHLORIDE,1,,,1766932.5,544360
00025,1461,MISOPROSTOL,200,,,1362709.018,20082
00009,5013,MIGLITOL,50,,,2242217,23720
00228,2127,CLONIDINE HYDROCHLORIDE,0.1,,,43418814.484,789205
00143,1347,NAPROXEN,375,,,130905,2630
00143,1292,METHOCARBAMOL,750,,,12920990,179728
00143,1290,METHOCARBAMOL,500,,,5411394,85110
00002,3004,FLUOXETINE HYDROCHLORIDE,90,,,1277157.54,2169380
00185,5600,METOLAZONE,10,,,391652,11041
55111,0342,CITALOPRAM HYDROBROMIDE,10,,,168200.5,4837
00054,0020,LITHIUM CARBONATE,450,,,1684191,27999
11980,0180,PREDNISOLONE ACETATE,10,,,172494.02,18143
00904,7927,BISACODYL,5,,,4444037,102719
65483,0392,LABETALOL HYDROCHLORIDE,200,,,34503,399
00228,2029,ALPRAZOLAM,0.5,CIV,,48016296.932,798639
59762,5017,FLUCONAZOLE,150,,,231548.374,145296
00186,0032,CANDESARTAN CILEXETIL,32,,,9015781.864,2967087
00056,0172,WARFARIN SODIUM,5,,,18713492.484,582561
00178,0500,ACETOHYDROXAMIC ACID,250,,,124884,1641
00023,0240,"MINERAL OIL, PETROLATUM",425; 573,,,1984,106
45802,0455,HYDROCORTISONE VALERATE,2,,,4556119.598,106919
49483,0222,NITROGLYCERIN,6.5,,,877596,12186
00781,1049,PERPHENAZINE,16,,,852836,14296
00603,5339,PREDNISONE,20,,,284771.4,14204
00007,4894,ROPINIROLE,5,,,697942,487014
00378,0441,BENAZEPRIL HYDROCHLORIDE,5,,,355957,410533
00378,2410,TRIFLUOPERAZINE HYDROCHLORIDE,10,,,1724e3,1804122
00378,0616,THIORIDAZINE HYDROCHLORIDE,50,,,4781017,69133
00085,0370,MOMETASONE FUROATE,1,,,667825.4,1056689
50419,0452,ESTRADIOL,0.1,,,184965.8,38400
00378,0471,FENOPROFEN CALCIUM,600,,,1561116,461281
52544,0892,NORETHINDRONE,0.35,,,2286369.54,52520
00173,0446,ONDANSETRON HYDROCHLORIDE,4,,,3843275.818,4510760
00168,0163,CLOBETASOL PROPIONATE,0.5,,,1558428.5,30457
00074,4637,PARICALCITOL,2,,,2402761.5,442132
49884,0590,ZAFIRLUKAST,20,,,2470346.8,69675
00603,3887,HYDROCODONE BITARTRATE AND ACETAMINOPHEN,10; 325,CII,YES,24263202.65,272045
00536,4306,CALCIUM POLYCARBOPHIL,625,,,8768867.94,129886
00013,8303,LATANOPROST,50,,,6657426.863,2622015
00904,1086,DIPYRIDAMOLE,25,,,77449.5,959
00054,0002,FLUCONAZOLE,10,,,208015,5161
00074,5682,VALPROIC ACID,250,,,21675344.044,3113409
51672,1293,CLOBETASOL PROPIONATE,0.5,,,1133207,21671
00049,2770,DOXAZOSIN MESYLATE,4,,,236233,5533
00245,0036,CHOLESTYRAMINE,4,,,3407413.126,24882
00172,5728,FAMOTIDINE,20,,,27693217.8,607051
00007,4890,ROPINIROLE,0.25,,,5380252,902602
00078,0315,VALSARTAN AND HYDROCHLOROTHIAZIDE,160; 12.5,,,42527074.418,1100153
51079,0870,CARBAMAZEPINE,100,,,1100086.5,11024
00173,0642,LAMOTRIGINE,100,,,69332080.03999999,1506094
00093,2267,AMOXICILLIN,125,,,36961,1068
00378,1610,DICYCLOMINE HYDROCHLORIDE,10,,,9664797,3384524
00781,1764,IMIPRAMINE HYDROCHLORIDE,25,,,9547279.836,173271
00228,3003,CLONAZEPAM,0.5,CIV,,64873381.312,1193249
61314,0630,"NEOMYCIN SULFATE, POLYMYXIN B SULFATE AND DEXAMETHASONE",3.5; 10000; 1,,,637868.76,119852
63323,0965,POTASSIUM CHLORIDE,2,,,844915.34,6250
00172,4364,LABETALOL HYDROCHLORIDE,100,,,5308556.844,85074
00168,0037,NYSTATIN,100000,,,324231.472,3431
55513,0126,EPOETIN ALFA,2000,,,1890706.5,829314
00009,3329,CLINDAMYCIN PHOSPHATE,10,,,494267,7962
00093,8675,AMOXICILLIN AND CLAVULANATE POTASSIUM,600; 42.9,,,33430319.994,259973
00641,0400,HEPARIN SODIUM,5000,,,1139458.4,43133
52544,0693,DILTIAZEM HYDROCHLORIDE,300,,,53969,853
00054,3722,PREDNISONE,5,,,6679495.37,40652
37205,0960,GUAIFENESIN,100,,,2233100.907,9744
49884,0087,DEXAMETHASONE,4,,,1189080.7,36792
00517,8210,TRACE ELEMENTS 5,22; 3.93; 1.54; 51.3; 98,,,70290.424,6980
00378,0525,DILTIAZEM HYDROCHLORIDE,120,,,1373333.5,227908
00904,0195,DICYCLOMINE HYDROCHLORIDE,20,,,77316,912
61314,0237,CROMOLYN SODIUM,40,,,311266,31091
00093,2210,SUCRALFATE,1,,,21649284.522,234777
60432,0608,PROMETHAZINE HYDROCHLORIDE,6.25,,,111078224.842,683793
59676,0310,ERYTHROPOIETIN,10000,,,948547.782,2340443
00006,3552,IMIPENEM AND CILASTATIN SODIUM,500; 500,,,186167.4,8234
00603,2217,AMITRIPTYLINE HYDROCHLORIDE,150,,,2005054.4,57851
00378,3050,CLOMIPRAMINE HYDROCHLORIDE,50,,,1440004,958059
60505,0142,GLIPIZIDE,10,,,3383333,53211
00603,2338,ACETAMINOPHEN AND CODEINE PHOSPHATE,30; 300,CIII,YES,4382933.88,115591
00472,0735,MICONAZOLE NITRATE,20,,,900886.875,23973
51672,4043,CLORAZEPATE DIPOTASSIUM,7.5,CIV,,1687619.224,25377
59762,5000,SULFASALAZINE,500,,,7892317.318,63883
00378,1902,MIDODRINE HYDROCHLORIDE,5,,,2854464.54,1993423
00603,2215,AMITRIPTYLINE HYDROCHLORIDE,75,,,4514468,120100
00093,0752,ATENOLOL,50,,,12354574.326,320830
00378,6410,DOXEPIN HYDROCHLORIDE,100,,,5263937,1190213
62856,0246,DONEPEZIL HYDROCHLORIDE,10,,,87411131.134,2965021
00573,2830,HYDROCORTISONE,10,,,4451.7,164
00185,0104,LISINOPRIL,40,,,1888128.8,53081
00378,2074,LISINOPRIL,10,,,24014024,1411411
53489,0145,SULFAMETHOXAZOLE AND TRIMETHOPRIM,400; 80,,,4282194.92,165113
51672,4028,WARFARIN SODIUM,2,,,10207094.84,283278
00904,0726,TOLNAFTATE,1,,,105904,2138
00378,1452,ESTRADIOL,0.5,,,577877.2,2557545
00002,4453,OLANZAPINE,5,,,9493125.166,1241314
00069,3080,AZITHROMYCIN DIHYDRATE,600,,,1610118.18,174097
00781,1976,DESIPRAMINE HYDROCHLORIDE,150,,,101145,2955
00074,7068,LEVOTHYROXINE SODIUM,125,,,24448867.47,750177
00185,0211,BENAZEPRIL HYDROCHLORIDE AND HYDROCHLOROTHIAZIDE,20; 12.5,,,779485.666,19934
00006,0747,LOSARTAN POTASSIUM AND HYDROCHLOROTHIAZIDE,100; 25,,,29520489.98,844794
00009,5191,TOLTERODINE TARTRATE,4,,,75867085.2,2354190
63304,0772,LORAZEPAM,0.5,CIV,,27886728.5,582909
00591,5307,PROMETHAZINE HYDROCHLORIDE,25,,,39087104.524,1262221
57896,0401,DOCUSATE SODIUM,100,,,20830398.024,314255
51672,1310,BETAMETHASONE DIPROPIONATE,0.5,,,1283585.334,30782
37205,0429,ASPIRIN,325,,,1478770,36109
00071,0527,QUINAPRIL HYDROCHLORIDE,5,,,4008735.5,117282
00378,2063,ATENOLOL AND CHLORTHALIDONE,50; 25,,,4480485,792680
00603,2339,ACETAMINOPHEN AND CODEINE PHOSPHATE,60; 300,CIII,YES,958142,14184
00591,4012,VALPROIC ACID,250,,,7114301,51578
59528,0416,"VITAMIN/MINERAL SUPPLEMENT WITH MAGNESIUM CARBONATE, CALCIUM CARBONATE AND FOLIC ACID",115; 80; 1,,,557533,3864
00002,7510,INSULIN LISPRO,100,,,17100377.098,2624827
00781,1884,RANITIDINE HYDROCHLORIDE,300,,,2314415.8,52018
00009,0260,COLESTIPOL HYDROCHLORIDE,5,,,1205805.6300000001,6212
00264,7800,SODIUM CHLORIDE,0.9,,,127498561.3,73575
00264,7800,SODIUM CHLORIDE,0.9,,,127498561.3,73575
63739,0079,DILTIAZEM HYDROCHLORIDE,30,,,121463,1497
00591,5619,DIAZEPAM,5,CIV,,28294145.296,500134
51079,0567,THIORIDAZINE HYDROCHLORIDE,50,,,181542,6489
00555,9049,NORGESTREL AND ETHINYL ESTRADIOL,NA,,,3539527.34,105914
00006,0749,SIMVASTATIN,40,,,114414580.256,3519177
53014,0548,HYDROCODONE POLISTIREX AND CHLORPHENIRAMINE POLISTIREX,10; 8,CII,YES,50805169.188,360231
00904,1985,ACETAMINOPHEN,160,,,18660447.151,107777
00049,3970,ZIPRASIDONE HYDROCHLORIDE,40,,,27004675.912,488526
00006,0573,INDINAVIR SULFATE,400,,,13116241,84939
00591,5442,PREDNISONE,10,,,44166693.436,1258686
63323,0399,AMPICILLIN SODIUM,2,,,63678,1396
00472,0166,NYSTATIN,100000,,,6052707.927,170853
63323,0924,SODIUM CHLORIDE,9,,,5575205,5549
00573,0150,IBUPROFEN,200,,,1181328.26,14818
00703,7021,HALOPERIDOL DECANOATE,100,,,47880.5,26815
00603,1449,DL-ALPHA-TOCOPHERYL ACETATE AND ASCORBIC ACID AND CHOLECALCIFEROL AND CYANOCOBALAMIN AND NIACINAMIDE AND PYRIDOXINE HYDROCHLORIDE AND RIBOFLAVIN AND FLUORIDE AND THIAMINE HYDROCHLORIDE AND VITAMIN A PALMITATE,1500; 35; 400; 5; .5; .6; 8; .4; 2; .25,,,3117260.634,62113
00536,3756,DOCUSATE SODIUM,100,,,35617214.996,518544
55513,0075,CINACALCET HYDROCHLORIDE,90,,,68335,2080
51672,4025,AMIODARONE HYDROCHLORIDE,200,,,1260719.7,33754
00186,5040,ESOMEPRAZOLE MAGNESIUM,40,,,146504312.24,6723187
00009,5182,ALPROSTADIL,20,,,39737,8121
00944,2620,HUMAN IMMUNOGLOBULIN G,NA,,,445835.398,15633
00944,2620,HUMAN IMMUNOGLOBULIN G,NA,,,445835.398,15633
00944,2620,HUMAN IMMUNOGLOBULIN G,NA,,,445835.398,15633
00944,2620,HUMAN IMMUNOGLOBULIN G,NA,,,445835.398,15633
00173,0562,NARATRIPTAN HYDROCHLORIDE,2.5,,,392647.8,1056712
59762,3741,MEDROXYPROGESTERONE ACETATE,5,,,1413032.6,50952
00023,9177,BRIMONIDINE TARTRATE,1.5,,,11508107.82,1265125
00456,0462,"THYROID, PORCINE",180,,,276848,7455
00093,0832,CLONAZEPAM,0.5,CIV,,95155229.546,1590764
00603,5168,PHENOBARBITAL,97.2,CIV,,7902298.4,173221
00115,2011,ORPHENADRINE CITRATE,100,,,2409083,55134
51672,4039,ENALAPRIL MALEATE,10,,,7892986.57,164762
00832,1215,WARFARIN SODIUM,4,,,500286,26814
00591,5660,SULINDAC,200,,,5975627.3,107783
49884,0021,ISOSORBIDE DINITRATE,10,,,7091317,80185
00591,5661,SULINDAC,150,,,2409905.8,43094
51079,0883,CLONAZEPAM,2,CIV,,62022.994,1568
00536,4444,PSYLLIUM,3.4,,,34316377.586,71506
00591,5438,QUINIDINE SULFATE,200,,,364586,4475
51079,0872,GLYBURIDE,2.5,,,668997.4,20418
17714,0013,ACETAMINOPHEN,500,,,13103752,182213
00555,9014,LEVONORGESTREL AND ETHINYL ESTRADIOL,NA,,,3096168.56,80362
00536,1355,BISACODYL,10,,,624030,30866
00054,8527,LITHIUM CARBONATE,300,,,798932,15492
00054,4570,METHADONE HYDROCHLORIDE,5,CII,,8215455,93617
60505,0084,PAROXETINE HYDROCHLORIDE,30,,,9504118.388,264690
00378,2146,SPIRONOLACTONE,25,,,57197189.442,1331264
00074,9296,LEVOTHYROXINE SODIUM,112,,,10678287.4,325434
00555,0971,"DEXTROAMPHETAMINE SACCHARATE, AMPHETAMINE ASPARTATE, DEXTROAMPHETAMINE SULFATE AND AMPHETAMINE SULFATE",1.25; 1.25; 1.25; 1.25,CII,,8869368.398,184531
57664,0273,CLONAZEPAM,0.5,CIV,,14278899.004,249641
00555,9026,"NORETHINDRONE ACETATE AND ETHINYL ESTRADIOL, AND FERROUS FUMARATE",NA,,,879247,23342
00113,0897,IBUPROFEN,100,,,1416227,8419
00093,4161,AMOXICILLIN,400,,,144919973.07,1119039
00023,9156,TAZAROTENE,1,,,2092467.25,48868
00781,2202,TEMAZEPAM,30,CIV,,3216836,104714
00093,7224,FOSINOPRIL SODIUM,40,,,6641241.42,181008
60505,0093,DOXAZOSIN,1,,,1668918.2,43402
00378,0731,PROPRANOLOL HYDROCHLORIDE AND HYDROCHLOROTHIAZIDE,40; 25,,,414937,1429333
00143,1348,NAPROXEN,500,,,2184630,42278
63323,0130,DOXYCYCLINE,100,,,4563.5,193
63323,0130,DOXYCYCLINE,100,,,4563.5,193
63323,0130,DOXYCYCLINE,100,,,4563.5,193
00591,5513,CARISOPRODOL,350,CIV,,77671157.66,1071807
00904,4040,ASPIRIN,81,,,3837273.12,122657
00904,0644,NITROGLYCERIN,6.5,,,257635,4018
00591,2886,VERAPAMIL HYDROCHLORIDE,360,,,673440,20807
00088,2161,LEFLUNOMIDE,20,,,3641644.2,116052
00186,0743,OMEPRAZOLE MAGNESIUM,40,,,9362705.798,5268316
51672,4054,AMCINONIDE,1,,,417265,8031
00023,1145,ONABOTULINUMTOXINA,100,,,167568.034,30869
62175,0114,OMEPRAZOLE,10,,,6628893,45927
00004,0800,OSELTAMIVIR PHOSPHATE,75,,,1414028.56,139273
24208,0715,PREDNISOLONE SODIUM PHOSPHATE,10,,,147004,14610
00169,1837,HUMAN INSULIN,100,,,33187059.843,1880653
00172,5413,FLUCONAZOLE,200,,,72271.5,4996
51285,0050,BISOPROLOL FUMARATE AND HYDROCHLOROTHIAZIDE,5; 6.25,,,49494,1161
00093,3165,MINOCYCLINE HYDROCHLORIDE,50,,,1712879,35881
00054,4497,LEUCOVORIN CALCIUM,10,,,122081.7,4054
00173,0643,LAMOTRIGINE,150,,,13249143,446176
00185,0213,METFORMIN HYDROCHLORIDE,500,,,17960009.296,241603
00603,2216,AMITRIPTYLINE HYDROCHLORIDE,100,,,9580142.4,241930
00143,1771,ISOSORBIDE DINITRATE,10,,,19431286.2,222432
51672,1275,CLOTRIMAZOLE,10,,,46732396.4,1214381
00378,4010,TEMAZEPAM,15,CIV,,26000629.52,1375567
50580,0449,ACETAMINOPHEN,500,,,12585089.5,120583
00378,2025,LISINOPRIL AND HYDROCHLOROTHIAZIDE,20; 25,,,4809985,137096
00517,7201,TRACE ELEMENTS 4,22; 3.93; 1.54; 51.3,,,4644.24,1064
00781,1491,AMITRIPTYLINE HYDROCHLORIDE,150,,,630930,18453
00093,6118,PREDNISOLONE,15,,,15804092.058,317857
00007,4139,CARVEDILOL,3.125,,,42493238.656,2222744
00555,0776,"DEXTROAMPHETAMINE SACCHARATE, AMPHETAMINE ASPARTATE, DEXTROAMPHETAMINE SULFATE AND AMPHETAMINE SULFATE",3.125; 3.125; 3.125; 3.125,CII,,189571,3494
00074,3799,ADALIMUMAB,NA,,,202349,3464196
52544,0691,DILTIAZEM HYDROCHLORIDE,180,,,1968,18
00378,0421,METHYLDOPA,500,,,4398863,399473
51079,0982,LISINOPRIL,10,,,1650567.8,53626
00574,0850,DIHYDROERGOTAMINE MESYLATE,1,,,8223,675
00378,2012,LISINOPRIL AND HYDROCHLOROTHIAZIDE,20; 12.5,,,5917645.8,1647591
52544,0384,ETHYNODIOL DIACETATE AND ETHINYL ESTRADIOL,NA,,,345717.04,10931
00781,1762,IMIPRAMINE HYDROCHLORIDE,10,,,3124877.666,52574
00781,2043,RIBAVIRIN,200,,,2486798,17147
00078,0323,RIVASTIGMINE TARTRATE,1.5,,,13449555.022,235546
63162,0510,ACETAMINOPHEN,160,,,7765023.3,50850
51079,0889,PENTOXIFYLLINE,400,,,772633,10258
51079,0385,CARBAMAZEPINE,200,,,1621098,24328
00002,8715,INSULIN HUMAN,100,,,32365998.284,4330056
61314,0204,PILOCARPINE HYDROCHLORIDE,20,,,543731.4,35244
00378,0156,PROBENECID,500,,,1771806.4,112915
00093,0819,NIFEDIPINE,30,,,11760498.2,326857
00093,0262,FLUOCINONIDE,0.5,,,1752547.146,35500
00024,5401,ZOLPIDEM TARTRATE,5,CIV,,54934549.73,2037554
00074,3956,LOPINAVIR AND RITONAVIR,80; 20,,,6693953,2109012
00406,8960,DEXTROAMPHETAMINE SULFATE,5,CII,,76510,1172
00998,0203,PILOCARPINE HYDROCHLORIDE,10,,,1515,101
00023,8694,AZELAIC ACID,0.2,,,744949,20864
00093,0318,DILTIAZEM HYDROCHLORIDE,30,,,3118493.6,38270
00378,3007,CAPTOPRIL,12.5,,,6943381.612,1534913
00603,5167,PHENOBARBITAL,64.8,CIV,,25339278,410398
00536,0770,DIPHENHYDRAMINE HYDROCHLORIDE,12.5,,,30141460.669,175933
00904,2674,HYDROCORTISONE,20,,,128159.162,3871
49348,0199,"DEXTROMETHORPHAN HBR, GUAIFENESIN",60; 1200,,,3465,73
63323,0474,HALOPERIDOL LACTATE,5,,,87238.4,25182
00781,1487,AMITRIPTYLINE HYDROCHLORIDE,25,,,13763552.6,316396
51672,1297,CLOBETASOL PROPIONATE,0.5,,,606015,9080
00641,0491,PROCHLORPERAZINE EDISYLATE,5,,,31795.86,3416
00406,9917,TEMAZEPAM,30,CIV,,77110.5,2062
00093,3147,CEPHALEXIN,500,,,66535790.026,2264514
00378,0572,ALBUTEROL SULFATE,4,,,6029981.6,707475
00025,2762,DISOPYRAMIDE PHOSPHATE,150,,,13287,149
51672,1262,DESOXIMETASONE,2.5,,,2005177.5,35776
00378,0183,PROPRANOLOL HYDROCHLORIDE,20,,,7443037.998,1944491
00555,0956,DEXTROAMPHETAMINE SULFATE,15,CII,,3665263.4,62682
63868,0823,DIPHENHYDRAMINE HCL,12.5,,,344688.63,2317
45802,0283,HYDROCORTISONE,1,,,489857.024,3586
00536,3381,BISACODYL,5,,,2395284,52068
66302,0110,TREPROSTINIL,200,,,11020,369
00009,0775,CLINDAMYCIN PHOSPHATE,150,,,196923.868,2835
00228,2073,OXAZEPAM,30,CIV,,1047251,17308
00075,0621,ENOXAPARIN SODIUM,60,,,1025346.427,73066
00075,0621,ENOXAPARIN SODIUM,60,,,1025346.427,73066
00069,4210,SILDENAFIL CITRATE,50,,,1717618.7,324061
00093,0292,CARBIDOPA AND LEVODOPA,10; 100,,,6076956.62,76140
00536,0970,GUAIFENESIN AND DEXTROMETHORPHAN HYDROBROMIDE,100; 10,,,21141658.396,121057
51079,0958,DOXAZOSIN MESYLATE,2,,,214940.5,6154
00121,0544,DOCUSATE SODIUM,50,,,43655963.73,108913
00093,0308,CLEMASTINE FUMARATE,2.68,,,1699239,38045
49348,0687,MAGNESIUM HYDROXIDE,1200,,,5988374,13237
51672,4027,WARFARIN SODIUM,1,,,10236179.216,260865
00904,2728,SULFACCETAMIDE SODIUM,100,,,123848,8243
00172,3759,LISINOPRIL,10,,,25044237.16,771042
61314,0646,"NEOMYCIN SULFATE, POLYMYXIN B SULFATE AND HYDROCORTISONE",3.5; 10000; 10,,,1174617.892,116267
00378,3125,DOXEPIN HYDROCHLORIDE,25,,,7233007,1437630
00009,0555,LINCOMYCIN HYDROCHLORIDE,300,,,28732,12143
00378,6009,FLUPHENAZINE HYDROCHLORIDE,2.5,,,1244116.5,3223024
63323,0733,MESNA,100,,,15017.2,403
00406,0552,OXYCODONE HYDROCHLORIDE,5,CII,YES,46059611.398,473666
00185,0704,BISOPROLOL FUMARATE AND HYDROCHLOROTHIAZIDE,5; 6.25,,,3020230.9,87969
00378,0330,PERPHENAZINE AND AMITRIPTYLINE HYDROCHLORIDE,2; 10,,,2505790,2578595
00023,0313,SULFACETAMIDE SODIUM AND PREDNISOLONE ACETATE,100; 2,,,119463.9,32065
51672,1281,DESONIDE,0.5,,,2675660.442,53974
51079,0881,CLONAZEPAM,0.5,CIV,,950209.75,23598
00002,3232,OLANZAPINE AND FLUOXETINE HYDROCHLORIDE,12; 25,,,730363,23221
49348,0268,ACETAMINOPHEN,80,,,122759,6274
00143,1458,PHENOBARBITAL,100,CIV,,257190,5966
51672,2001,MICONAZOLE NITRATE,20,,,662977.018,20652
51672,1259,CLOBETASOL PROPIONATE,0.5,,,6881498.192,126446
00591,0444,GUANFACINE,1,,,9203688.9,164267
00039,0223,GLIMEPIRIDE,4,,,63867159.44,1328582
00168,0033,BETAMETHASONE VALERATE,1,,,1126371.114,24560
00023,9155,TAZAROTENE,0.5,,,1976884,48039
00591,5337,TRIHEXYPHENIDYL HYDROCHLORIDE,5,,,10571476.2,162985
08880,9505,SILVER SULFADIAZINE,10,,,3772237.01,23883
53489,0553,PROPAFENONE HYDROCHLORIDE,300,,,151624,1888
00591,0796,SULFASALAZINE,500,,,8854104.8,71335
60505,0097,PAROXETINE HYDROCHLORIDE,10,,,7958517.032,251438
00527,1378,LEVOTHYROXINE SODIUM,0.175,,,61324,1842
00078,0345,ESTRADIOL,0.075,,,80122.2,9539
00555,9027,NORETHINDRONE ACETATE AND ETHINYL ESTRADIOL,1.5; 30,,,23298,951
00185,0118,LABETALOL HCL,300,,,5466696.464,67204
00024,1535,HEXACHLOROPHENE,30,,,21645807.47,71433
51079,0957,DOXAZOSIN MESYLATE,1,,,97754,2983
00054,4299,FUROSEMIDE,40,,,62061876.432,1556410
00093,9433,GLYBURIDE,2.5,,,9559816.6,213375
00338,0049,SODIUM CHLORIDE,9,,,403453067.454,252248
51672,1261,DESOXIMETASONE,0.5,,,811421,16940
00536,3414,CALCIUM CARBONATE,648,,,33761997.9,356033
00006,3801,RIZATRIPTAN BENZOATE,10,,,915390.9,103120
00093,0812,NORTRIPTYLINE HYDROCHLORIDE,50,,,3300679,68814
00172,5729,FAMOTIDINE,40,,,3063846.642,58718
00378,2268,TERAZOSIN HYDROCHLORIDE ANHYDROUS,5,,,1545599,1499483
00093,3145,CEPHALEXIN,250,,,12665510.34,426862
00071,0532,QUINAPRIL HYDROCHLORIDE,20,,,24780702.6,619770
00456,3205,MEMANTINE HYDROCHLORIDE,5,,,9401704,221782
00093,8035,GLYBURIDE,3,,,768896,14267
00781,1396,HALOPERIDOL,5,,,6380294.2,119023
00121,0676,POTASSIUM CITRATE AND CITRIC ACID MONOHYDRATE,1100; 334,,,132520,186
63323,0123,METHOTREXATE SODIUM,25,,,64413.159999999996,9937
58281,0561,BACLOFEN,2,,,180792.7,11724
00338,0507,GENTAMICIN SULFATE,60,,,31264,84
00781,1526,POTASSIUM CHLORIDE,750,,,49055697.496,920857
51672,1301,AMMONIUM LACTATE,120,,,6754709,27849
00603,4486,METHOCARBAMOL,750,,,14446821,199597
00185,0415,BUPROPION HYDROCHLORIDE,150,,,6560983.348,125679
00591,0606,LABETALOL HYDROCHLORIDE,200,,,6076984.992,71176
61748,0014,ETHAMBUTOL HYDROCHLORIDE,400,,,375923.5,5156
53489,0119,DOXYCYCLINE HYCLATE,100,,,2557395.04,105076
00185,0410,BUPROPION HYDROCHLORIDE,100,,,9352467.2,183134
00025,1041,SPIRONOLACTONE,50,,,520956,10474
00597,0058,TAMSULOSIN HYDROCHLORIDE,0.4,,,93651741.54,2558870
00067,3999,TERBINAFINE HYDROCHLORIDE,10,,,45e3,2899
00378,3545,MIRTAZAPINE,45,,,2724007,94002
00087,6632,DIDANOSINE,10,,,1636069,3833
00173,0947,BUPROPION HYDROCHLORIDE,100,,,15437653.6,285678
00456,4020,CITALOPRAM HYDROBROMIDE,20,,,72351387.858,2080945
00781,1072,METHAZOLAMIDE,25,,,424943,5881
00065,0396,CYCLOPENTOLATE HYDROCHLORIDE,10,,,38676,6209
50383,0795,LACTULOSE,10,,,113869254.90799999,147719
00378,0152,CLONIDINE HYDROCHLORIDE,0.1,,,141496025.808,2536163
49884,0035,MECLIZINE HYDROCHLORIDE,25,,,85381579.56,1475512
00378,0080,INDAPAMIDE,2.5,,,2994866,1482490
00378,0503,BISOPROLOL FUMARATE AND HYDROCHLOROTHIAZIDE,5; 6.25,,,3325746.4,455233
00469,0607,TACROLIMUS,0.5,,,3754994.36,46034
00185,4400,TIZANIDINE HYDROCHLORIDE,4,,,31125979.968,380997
00078,0344,ESTRADIOL,0.05,,,202116,23996
00054,3500,LIDOCAINE HYDROCHLORIDE,20,,,10297539.84,78029
00378,9045,CYSTEAMINE BITARTRATE,150,,,256466.2,1880994
00075,1506,TRIAMCINOLONE ACETONIDE,55,,,17853399.846,1060564
00093,0263,FLUOCINONIDE,0.5,,,351577.5,6314
00113,0340,"ALUMINUM HYDROXIDE, MAGNESIUM HYDROXIDE, SIMETHICONE",800; 800; 80,,,1444616,2344
00904,1087,DIPYRIDAMOLE,50,,,140327.3,1386
60432,0131,PHENYTOIN,125,,,58842858.356,206749
00378,3515,MIRTAZAPINE,15,,,8166396.64,289911
00087,6073,GLYBURIDE AND METFORMIN HYDROCHLORIDE,2.5; 500,,,25325564.6,346921
00904,7822,CLOTRIMAZOLE,10,,,566270.516,17177
00472,0382,BETAMETHASONE DIPROPIONATE,0.5,,,1025125.3,23096
00008,0833,VENLAFAXINE HYDROCHLORIDE,75,,,119452544.462,2601402
00904,2920,VERAPAMIL HYDROCHLORIDE,80,,,190871,2610
00006,3862,APREPITANT,NA,,,49422,15308
00378,4005,ALPRAZOLAM,1,CIV,,37521307.2,1906003
00093,0294,CARBIDOPA AND LEVODOPA,25; 250,,,6119407.892,62020
00641,0477,PHENOBARBITAL SODIUM,130,CIV,,7629.5,566
00228,2571,INDAPAMIDE,2.5,,,821952.5,23159
00517,1130,EPINEPHRINE,1,,,1434.95,118
00007,4895,ROPINIROLE,3,,,1175533,12292
00781,1205,PENICILLIN V POTASIUM,250,,,4384893.9,121396
00904,2013,ASPIRIN,325,,,8907868,246690
00781,1064,BUPROPION HYDROCHLORIDE,100,,,1415691.4,23233
00781,1975,DESIPRAMINE HYDROCHLORIDE,100,,,630613.2,13746
00781,1453,GLIPIZIDE,10,,,20604932,305734
00555,0953,DEXTROAMPHETAMINE SULFATE,10,CII,,5120336.272,41213
00093,5116,PENTOXIFYLLINE,400,,,25195469.92,297386
00006,0071,FINASTERIDE,1,,,47349,1536
00299,3848,CLOBETASOL PROPIONATE,0.05,,,1072276.54,17359
63459,0412,TIAGABINE HYDROCHLORIDE,12,,,2420247,42590
00006,0951,LOSARTAN POTASSIUM,25,,,16850692.77,382051
00555,0252,DIPYRIDAMOLE,25,,,4467900,53945
00093,9364,GLYBURIDE,5,,,45723649.6,569794
00264,5535,METRONIDAZOLE,500,,,699602,476
00185,0774,BISOPROLOL FUMARATE,10,,,843739,21610
53489,0157,ALLOPURINOL,300,,,8639889.728,246568
60758,0866,BRIMONIDINE TARTRATE,2,,,106111,10931
63323,0186,SODIUM CHLORIDE,9,,,1363974.26,10263
63323,0186,SODIUM CHLORIDE,9,,,1363974.26,10263
00093,8947,ACYCLOVIR,800,,,1997857.4,48363
00378,1352,TRIAMTERENE AND HYDROCHLOROTHIAZIDE,37.5; 25,,,16782123,4032082
17478,0711,LIDOCAINE HYDROCHLORIDE,20,,,205853.38,5207
00085,0571,INTERFERON ALFA-2B,NA,,,7566.97,3106
00904,1983,ACETAMINOPHEN,500,,,9342285.28,107275
00591,3193,NIFEDIPINE,30,,,8214689.938,215838
00143,1450,PHENOBARBITAL,30,CIV,,15151329,193994
00054,4721,PROPANTHELINE BROMIDE,15,,,1356648,14486
00517,1071,EPINEPHRINE,1,,,1397,1103
00781,2027,CLOMIPRAMINE HYDROCHLORIDE,25,,,736636,11613
57664,0502,TIZANIDINE,2,,,157182,2376
00591,5788,NORTRIPTYLINE HYDROCHLORIDE,50,,,9377763,199314
00378,1914,CLONAZEPAM,2,CIV,,1516835.5,3342325
57664,0437,DIGOXIN,125,,,2440881,78466
00054,3188,DIAZEPAM,5,CIV,,15454049.686,69544
53489,0281,"DIHYDROERGOCORNINE MESYLATE, DIHYDROERGOCRISTINE MESYLATE, DIHYDRO-.ALPHA.-ERGOCRYPTINE MESYLATE, AND DIHYDRO-.BETA.-ERGOCRYPTINE MESYLATE",.333; .333; .222; .111,,,1139615,14015
50111,0482,THEOPHYLLINE,200,,,19594307,290784
57896,0921,ASPIRIN,325,,,5147535.818,159161
60951,0602,OXYCODONE AND ACETAMINOPHEN,5; 325,CII,YES,64114540.22,1090113
00378,4735,BENAZEPRIL HYDROCHLORIDE AND HYDROCHLOROTHIAZIDE,10; 12.5,,,657701,1939458
00378,5010,THIOTHIXENE,10,,,5045316,729692
00781,1397,HALOPERIDOL,10,,,18772640.1,337946
00378,0018,METOPROLOL TARTRATE,25,,,18000987.1,373684
00143,1787,"BUTALBITAL, ACETAMINOPHEN AND CAFFEINE",50; 325; 40,,,9436039.12,186514
00591,5694,MINOCYCLINE HYDROCHLORIDE,50,,,1553518.24,33480
24208,0505,LEVOBUNOLOL HYDROCHLORIDE,5,,,549081.02,59604
00088,1202,DOLASETRON MESYLATE,50,,,18354,1551023
54092,0389,"DEXTROAMPHETAMINE SULFATE, DEXTROAMPHETAMINE SACCHARATE, AMPHETAMINE SULFATE AND AMPHETAMINE ASPARTATE",6.25; 6.25; 6.25; 6.25,CII,,10200119.4,291515
00378,1140,BUSPIRONE HYDROCHLORIDE,5,,,2365217,192352
00185,0171,SOTALOL HYDROCHLORIDE,80,,,5302135.5,96770
00517,0234,IRON DEXTRAN,50,,,34003.94,4721
00378,1012,LISINOPRIL AND HYDROCHLOROTHIAZIDE,10; 12.5,,,2829847,1282683
00555,0874,WARFARIN SODIUM,4,,,16684421.386,632355
00228,2497,NIFEDIPINE,10,,,4015610.138,59632
00173,0933,VALACYCLOVIR HYDROCHLORIDE,500,,,16531613.598,585557
64679,0905,CAPTOPRIL,100,,,137997.5,1770
00527,1343,LEVOTHYROXINE SODIUM,0.075,,,3713568,120807
63304,0773,LORAZEPAM,1,CIV,,31681510.748,571151
00087,6064,METFORMIN HYDROCHLORIDE,750,,,3469453,64534
00078,0365,ESTRADIOL,0.025,,,26520.8,3097
57664,0435,METFORMIN HYDROCHLORIDE,850,,,3332823,45682
00115,7037,METHYLTESTOSTERONE,10,CIII,,117633,3226
00536,0122,ACETAMINOPHEN,160,,,26938465.324,154840
00781,1830,PROMETHAZINE HYDROCHLORIDE,25,,,53687454.128,1830993
00517,8201,TRACE ELEMENTS 5,22; 3.93; 1.54; 51.3; 98,,,5068.44,1877
00075,2912,ENOXAPARIN SODIUM,120,,,175245.51,10740
00075,2912,ENOXAPARIN SODIUM,120,,,175245.51,10740
58177,0910,PREDNISOLONE,15,,,15261971.276,312222
51672,1280,DESONIDE,0.5,,,5676161.278,125526
00998,0408,HYPROMELLOSE 2910,5,,,141354,9148
00172,4096,BACLOFEN,10,,,78720006.556,828872
00074,4341,LEVOTHYROXINE SODIUM,25,,,23705562.114,734150
51672,4026,KETOCONAZOLE,200,,,486143.694,18727
00054,4742,PREDNISONE,2.5,,,4681659.38,105985
00904,1988,ACETAMINOPHEN,500,,,9858579.16,116325
00603,1075,CODEINE PHOSPHATE AND GUAIFENESIN,10; 100,CV,YES,56956768.692,287571
49884,0640,METHIMAZOLE,5,,,2989857.74,63228
00456,0040,"LIOTHYRONINE SODIUM, LEVOTHYROXINE SODIUM",3.1; 12.5,,,17582,413
00378,1134,KETOROLAC TROMETHAMINE,10,,,1749072.28,346269
00088,1203,DOLASETRON MESYLATE,100,,,83306,3769444
63653,1171,CLOPIDOGREL BISULFATE,75,,,272011583.052,8712828
50111,0328,HYDRALAZINE HYDROCHLORIDE,50,,,20377529.116,215112
00009,5190,TOLTERODINE TARTRATE,2,,,12796681.762,378162
63323,0513,GENTAMICIN SULFATE,10,,,17643.7,273
00121,0638,GUAIFENESIN AND DEXTROMETHORPHAN,100; 10,,,10889861.516,79150
00259,4770,NAFTIFINE HYDROCHLORIDE,10,,,2065660.504,46230
00527,1341,LEVOTHYROXINE SODIUM,0.025,,,2657716.364,83132
00527,1373,LEVOTHYROXINE SODIUM,0.088,,,104014,3181
00904,5187,IBUPROFEN,800,,,1361899,26914
00143,3142,DOXYCYCLINE HYCLATE,100,,,3264153.976,135049
00126,0271,CHLORHEXIDINE GLUCONATE,1.2,,,34096976.88,63018
00781,1439,FLUPHENAZINE HYDROCHLORIDE,10,,,3127572,50481
00406,9920,IMIPRAMINE HYDROCHLORIDE,10,,,13704,130
00074,7070,LEVOTHYROXINE SODIUM,175,,,8161764.3,255746
00069,3051,AZITHROMYCIN DIHYDRATE,1,,,114951.3,92518
00074,1940,RITONAVIR,80,,,1889029,1727714
00003,1968,STAVUDINE,1,,,18911552,15756
00591,5882,METHYLPHENIDATE HYDROCHLORIDE,5,CII,,5807422,96171
52544,0629,NORETHINDRONE,0.35,,,1633854.18,41598
00093,7178,NEFAZODONE HYDROCHLORIDE,50,,,319689,5901
00068,0509,RIFAMPIN AND ISONIAZID,300; 150,,,73028,1709
00378,1110,GLIPIZIDE,10,,,27258931,1923955
00093,1061,SOTALOL HYDROCHLORIDE,80,,,5197107.48,72988
00527,1374,LEVOTHYROXINE SODIUM,0.1,,,736238,22544
00527,1312,"BUTALBITAL, ASPIRIN, CAFFEINE AND CODEINE PHOSPHATE",50; 325; 40; 30,CIII,YES,1286996,22150
63481,0628,OXYCODONE HYDROCHLORIDE AND ACETAMINOPHEN,7.5; 325,CII,YES,2261476.8,30912
00406,8884,DEXTROAMPHETAMINE SACCHARATE AND AMPHETAMINE ASPARTATE AND DEXTROAMPHETAMINE SULFATE AND AMPHETAMINE SULFATE,1.875; 1.875; 1.875; 1.875,CII,,21773,471
00603,2553,"BUTALBITAL, ACETAMINOPHEN, CAFFEINE, AND CODEINE PHOSPHATE",50; 325; 40; 30,CIII,YES,1091661,21087
00002,7335,SOMATROPIN,NA,,,97538.04,11512
60951,0653,MORPHINE SULFATE,30,CII,YES,17778144.3,251756
00054,3527,LITHIUM,8,,,4792697.6,12299
00074,6624,LEVOTHYROXINE SODIUM,100,,,46177939.08,1424847
00093,5125,BENAZEPRIL HYDROCHLORIDE,10,,,2662405,69475
00555,0923,ETHAMBUTOL HYDROCHLORIDE,400,,,1993174.336,27121
00591,3204,PODOFILOX,5,,,2385.92,654
49348,0349,"ACETAMINOPHEN, DIPHENHYDRAMINE HCL",500; 25,,,59267,1530
00781,1695,ISOSORBIDE DINITRATE,20,,,6430891.37,72490
00006,3519,DORZOLAMIDE HYDROCHLORIDE,20,,,2424251.92,294896
00781,1883,RANITIDINE HYDROCHLORIDE,150,,,31646557.312,636264
00093,8343,GLYBURIDE,2.5,,,16578840.82,378314
60505,0034,GEMFIBROZIL,600,,,34568951.8,575055
00574,2008,NYSTATIN,100000,,,12717583.826,592520
00378,1105,GLIPIZIDE,5,,,27125902.46,2331384
51672,1253,FLUOCINONIDE,0.5,,,19581761.678,362918
00074,6594,LEVOTHYROXINE SODIUM,88,,,12722267.688,398840
00904,1056,BENZTROPINE MESYLATE,1,,,1933222,39589
00781,1436,FLUPHENAZINE HYDROCHLORIDE,1,,,979112,14171
63323,0540,HEPARIN SODIUM,1000,,,112095.31,12633
63323,0540,HEPARIN SODIUM,1000,,,112095.31,12633
00904,5379,GEMFIBROZIL,600,,,1922069,33839
00013,2626,SOMATROPIN,NA,,,45010.01,9248
00093,9643,PROCHLORPERAZINE MALEATE,5,,,242341,6100
00781,1223,METOPROLOL TARTRATE,50,,,4632977.92,103656
00228,2039,ALPRAZOLAM,2,CIV,,11728467.716,154629
24208,0631,"NEOMYCIN SULFATE, POLYMYXIN B SULFATE, HYDROCORTISONE",3.5; 10000; 10,,,2477944.864,246560
00904,5559,PRIMIDONE,50,,,525755,6712
00025,1710,EPLERENONE,25,,,614533,18635
00406,0512,OXYCODONE HYDROCHLORIDE AND ACETAMINOPHEN,5; 325,CII,YES,120527998.12,2433236
00591,0718,BUSPIRONE HYDROCHLORIDE,15,,,6195598.8,92053
00378,9639,BUTORPHANOL TARTRATE,10,CIV,YES,257571.02599999998,74982
51079,0299,CLONIDINE HYDROCHLORIDE,0.1,,,3202264.894,71287
51079,0566,THIORIDAZINE HYDROCHLORIDE,25,,,286035,8251
00781,1655,PENICILLIN V POTASIUM,500,,,20270535.16,678641
00299,3838,METRONIDAZOLE,7.5,,,1318331.152,21718
00904,5255,ACETAMINOPHEN,80,,,1181631,45290
00172,3760,LISINOPRIL,20,,,20724611.08,590931
51991,0074,"BUTALBITAL, ASPIRIN, CAFFEINE AND CODEINE PHOSPHATE",50; 325; 40; 30,CIII,YES,2426614,43794
00025,1525,CELECOXIB,200,,,326361471.12,7788497
00002,4117,OLANZAPINE,10,,,108258401.2,2633958
62037,0597,DILTIAZEM HYDROCHLORIDE,120,,,8660638.8,245114
00054,4650,OXYCODONE AND ACETAMINOPHEN,5; 325,CII,YES,48335961.366,759725
63868,0855,"DEXTROMETHORPHAN HBR, GUAIFENESIN",10; 100,,,958245.948,4712
00025,2732,DISOPYRAMIDE PHOSPHATE,100,,,677683,8381
62037,0710,POTASSIUM CHLORIDE,10,,,13086814.2,279078
00378,1620,DICYCLOMINE HYDROCHLORIDE,20,,,11139814.6,3506832
00527,1351,LEVOTHYROXINE SODIUM,0.2,,,758318,23580
00093,0658,CALCITRIOL,0.5,,,4579614.946,97806
00074,7148,LEVOTHYROXINE SODIUM,200,,,10412490.736,3250256
49348,0169,CALCIUM CARBONATE,500,,,1525043,7260
00228,2672,SPIRONOLACTONE,50,,,8321115.424,182788
00065,0654,CIPROFLOXACIN HYDROCHLORIDE,3,,,236761.902,61620
00172,3926,DIAZEPAM,5,CIV,,20169538.629,360773
00143,1767,ISOSORBIDE DINITRATE,5,,,182276,1942
00002,8501,INSULIN HUMAN,500,,,252016,9024
51672,1279,FLUOCINONIDE,0.5,,,291535,6694
00904,5259,COAL TAR,0.5,,,36381.5,144
00004,0259,MYCOPHENOLATE MOFETIL,250,,,25314708.2,149623
00085,0854,MOMETASONE FUROATE,1,,,3039419.8,3757860
00527,1324,DIGOXIN,125,,,19943007.674,621687
00051,8450,TESTOSTERONE,10,CIII,,19953449,114800
00078,0127,CLOZAPINE,100,,,32886658.1,581658
00009,0728,CLINDAMYCIN PHOSPHATE,150,,,81346.11,932
00781,1438,FLUPHENAZINE HYDROCHLORIDE,5,,,3746671,63382
00173,0547,ATOVAQUONE,750,,,1261633,804784
00603,0210,SIMETHICONE,80,,,774545,8198
00074,4552,LEVOTHYROXINE SODIUM,50,,,48598538.51,1512853
00078,0346,ESTRADIOL,0.1,,,353553.38,41571
00002,4165,RALOXIFENE HYDROCHLORIDE,60,,,50495859.06,1612906
00469,0657,TACROLIMUS,5,,,3701251.302,54376
00378,0317,CIMETIDINE,300,,,1430319,1822858
49884,0121,HYDRALAZINE HYDROCHLORIDE,100,,,1354302,15686
00228,2348,PROPYLTHIOURACIL,50,,,10038102.46,83535
00054,3486,LACTULOSE,10,,,8925795.234,10238
00781,5022,METHYLPREDNISOLONE,4,,,4451657.5,198866
00591,3137,NIZATIDINE,150,,,1960559,38412
00185,0277,BENAZEPRIL HYDROCHLORIDE AND HYDROCHLOROTHIAZIDE,20; 25,,,415070,11927
00456,2101,ESCITALOPRAM OXALATE,5,,,6268492.776,25803
63304,0591,AMLODIPINE BESYLATE AND ATORVASTATIN CALCIUM,10; 20,,,258623.6,12249
00536,5105,HYDROCORTISONE,1,,,1064783,8216
00378,2625,AMITRIPTYLINE HYDROCHLORIDE,25,,,32336841.6,3796051
00173,0675,ATOVAQUONE AND PROGUANIL HYDROCHLORIDE,250; 100,,,49788,1941412
00228,2031,ALPRAZOLAM,1,CIV,,41836286.278,565978
49348,0159,GLYCERIN,1.614,,,7370,203
00378,5300,NIZATIDINE,300,,,325670,1928117
00168,0054,NYSTATIN,100000,,,20280786.462,597685
00054,3553,METHADONE HYDROCHLORIDE,10,CII,,171120.5,1251
00536,3313,ASPIRIN,325,,,19887944,528229
00406,8315,MORPHINE SULFATE,15,CII,YES,6173076.4,117488
49884,0085,DEXAMETHASONE,0.75,,,180882.4,9031
00591,5786,NORTRIPTYLINE HYDROCHLORIDE,10,,,10217322.046,188840
63304,0524,ENALAPRIL MALEATE,10,,,1921701,43442
00054,3532,LORAZEPAM,2,CIV,,2098658.41,60035
00143,1267,LISINOPRIL,10,,,607939.22,18404
51672,4044,CLORAZEPATE DIPOTASSIUM,15,CIV,,238307,3315
00536,5904,SENNA,8.6,,,2114117,30246
00025,1911,VERAPAMIL HYDROCHLORIDE,180,,,74331,1602
00054,4596,MEPERIDINE HYDROCHLORIDE,100,CII,,196256,2187
00603,2582,CARISOPRODOL,350,CIV,,50989217.6,740624
00591,1118,MIRTAZAPINE,30,,,4558824.4,153996
00904,1088,DIPYRIDAMOLE,75,,,61303,849
00832,1008,VALPROIC ACID,250,,,11336995,83065
00832,1008,VALPROIC ACID,250,,,11336995,83065
63304,0523,ENALAPRIL MALEATE,5,,,1578289,39358
00002,3229,ATOMOXETINE HYDROCHLORIDE,40,,,53101592.67,1350788
00781,1048,PERPHENAZINE,8,,,2905240,41941
00121,0581,HALOPERIDOL,2,,,2211244,13551
00781,2822,FLUOXETINE HYDROCHLORIDE,20,,,25202258.7,533070
00536,2220,SIMETHICONE,20,,,856536.512,23305
00002,3238,ATOMOXETINE HYDROCHLORIDE,18,,,9103194.6,260854
54092,0189,MESALAMINE,250,,,26648168.252,82905
00009,0626,MEDROXYPROGESTERONE ACETATE,400,,,16368.68,6806
00143,1227,DICYCLOMINE HYDROCHLORIDE,20,,,2249074.25,31803
00338,3551,VANCOMYCIN HYDROCHLORIDE,500,,,1077422,2919
00054,2526,LITHIUM CARBONATE,150,,,4681252,81630
00069,2260,AMLODIPINE BESYLATE AND ATORVASTATIN CALCIUM,5; 80,,,19210,621
00378,1910,CLONAZEPAM,0.5,CIV,,12032490.8,2577569
00591,5557,PROPRANOLOL HYDROCHLORIDE,80,,,1192797,18726
00603,5166,PHENOBARBITAL,32.4,CIV,,32630824.252,377872
00378,1051,ENALAPRIL MALEATE,2.5,,,2397452,1316850
51672,4038,ENALAPRIL MALEATE,5,,,6124952,138417
60758,0880,FLUOROMETHOLONE,1,,,99316,12154
00093,3107,AMOXICILLIN,250,,,8342651.8,307667
00087,6672,DIDANOSINE,200,,,416188,12579
00904,3892,"BULTABITAL, ASPIRIN AND CAFFEINE",325; 50; 40,CIII,,36102,834
00008,1030,SIROLIMUS,1,,,1281109.68,11726
00009,0746,MEDROXYPROGESTERONE ACETATE,150,,,1562634.9239999999,1698573
00904,1228,DIPHENHYDRAMINE HCL,12.5,,,3383235.876,18950
00056,0174,WARFARIN SODIUM,10,,,1540381,58242
00472,3901,FLUOCINONIDE,0.5,,,153006,2724
24385,0903,BISACODYL,5,,,77392,1907
45802,0493,AMMONIUM LACTATE,12,,,57541969.626,202951
00093,8943,ACYCLOVIR,400,,,5166110.12,110946
00093,5150,MOEXIPRIL HYDROCHLORIDE,15,,,5884407.4,158632
00378,3266,ETOPOSIDE,50,,,55781,1042328
00904,2666,GLYCERIN,1.3,,,121344,7511
00025,1021,SPIRONOLACTONE AND HYDROCHLOROTHIAZIDE,50; 50,,,459363.654,11937
00536,4445,PSYLLIUM,3.4,,,30597007.264,62577
00069,5820,DOFETILIDE,0.5,,,210386,3449
00143,1277,LITHIUM CARBONATE,450,,,17119985.196,288948
64679,0904,CAPTOPRIL,50,,,897578,11315
00054,4297,FUROSEMIDE,20,,,40611636.8,1111337
00093,3167,MINOCYCLINE HYDROCHLORIDE,100,,,5855906,129620
00603,2213,AMITRIPTYLINE HYDROCHLORIDE,25,,,40671715.368,921193
00378,4775,BENAZEPRIL HYDROCHLORIDE AND HYDROCHLOROTHIAZIDE,20; 25,,,691191.124,1639883
00904,5165,SENNOSIDES A AND B,8.6,,,9880941.778,152409
00472,0321,HYDROCORTISONE,10,,,6391524.656,197480
00378,0184,PROPRANOLOL HYDROCHLORIDE,40,,,4438693.584,1224386
00143,1480,PROPYLTHIOURACIL,50,,,9121579.17,78237
00002,4464,TADALAFIL,20,,,366917.1,70496
00430,6201,ESTRADIOL ACETATE,0.05,,,2332.1,2254
00603,7785,HYDROCORTISONE,25,,,211843.23200000002,2502
00781,1392,HALOPERIDOL,1,,,3049217.866,54165
00777,3104,FLUOXETINE HYDROCHLORIDE,10,,,388209,8863
59762,3740,MEDROXYPROGESTERONE ACETATE,2.5,,,3618266.52,105215
00591,5543,ALLOPURINOL,100,,,7952961.42,183353
00228,2538,CARBIDOPA AND LEVODOPA,10; 100,,,3872399.3,49728
00591,5555,PROPRANOLOL HYDROCHLORIDE,20,,,8399613.906,119981
00093,3195,KETOPROFEN,75,,,2452870,41531
00703,5054,DESMOPRESSIN ACETATE,4,,,30365.2,1643
59762,3717,TRIAZOLAM,0.125,CIV,,486816,20008
50383,0618,LOPERAMIDE HYDROCHLORIDE,1,,,3145487.118,25537
00009,5135,LINEZOLID,600,,,1441079.218,61702
53489,0551,PROPAFENONE HYDROCHLORIDE,150,,,1124215,14036
00517,7210,TRACE ELEMENTS 4,22; 3.93; 1.54; 51.3,,,50309.726,2717
51079,0978,CARBIDOPA AND LEVODOPA,25; 100,,,519668,6673
00781,1036,TRIFLUOPERAZINE HYDROCHLORIDE,10,,,3860105,51102
00338,0047,SODIUM CHLORIDE,900,,,44738355.02,4907
00338,0047,SODIUM CHLORIDE,900,,,44738355.02,4907
00087,6674,DIDANOSINE,400,,,4298957,142238
00603,4975,OXYBUTYNIN CHLORIDE,5,,,11297720.2,163846
00591,5052,PREDNISONE,5,,,48362310.664,1065600
00591,5715,AMOXAPINE,100,,,264538,4675
00406,8320,MORPHINE SULFATE,200,CII,YES,385708,3470
51079,0980,SPIRONOLACTONE,100,,,53491,1421
55513,0148,EPOETIN ALFA,4000,,,119653.95,15865
00093,7223,FOSINOPRIL SODIUM,20,,,9465557.46,250967
00093,8204,CIMETIDINE,400,,,2070408,35962
00591,5787,NORTRIPTYLINE HYDROCHLORIDE,25,,,14614710.82,300594
00172,3757,LISINOPRIL,2.5,,,4980690.32,161147
00536,3755,DOCUSATE CALCIUM,240,,,622668,13418
00049,2330,ELETRIPTAN HYDROBROMIDE,20,,,177247.552,20827
00472,5242,PERMETHRIN,1,,,17829480.582,241047
00904,7912,IBUPROFEN,200,,,127521,1968
00904,5415,MICONAZOLE NITRATE,NA,,,2601,1270
00591,0845,GLIPIZIDE,10,,,38892876.72,806277
00074,6114,DIVALPROEX SODIUM,125,,,178042875.92,2703978
51672,4061,HYDROCORTISONE BUTYRATE,1,,,97871,1605
51672,1254,FLUOCINONIDE,0.5,,,1261872.656,23976
00574,2004,SODIUM POLYSTYRENE SULFONATE,4.1,,,6352503.16,13935
00054,4496,LEUCOVORIN CALCIUM,5,,,181278.23,5142
00555,9016,NORGESTIMATE AND ETHINYL ESTRADIOL,NA,,,6941849.584,200313
00406,8330,MORPHINE SULFATE,30,CII,YES,8545413.2,130648
00008,0843,PANTOPRAZOLE SODIUM,20,,,10996330.44,361339
00172,4357,RANITIDINE,150,,,9483114.6,183395
00904,5365,ALUMINUM HYDROXIDE AND MAGNESIUM CARBONATE,160; 105,,,13878,148
00378,6380,VERAPAMIL HYDROCHLORIDE,180,,,2080238,1789045
24208,0580,GENTAMICIN SULFATE,3,,,1396712.042,221849
00143,3126,DICYCLOMINE HYDROCHLORIDE,10,,,2031084,27797
49884,0290,MEGESTROL ACETATE,40,,,10998171.2,159910
00069,3140,AZITHROMYCIN DIHYDRATE,200,,,29317101.154,900573
00378,4250,DOXEPIN HYDROCHLORIDE,50,,,9409864,2453759
00005,2500,CALCIUM POLYCARBOPHIL,625,,,2084754.666,26687
00781,1599,SPIRONOLACTONE,25,,,9265819.778,191625
00093,1174,PENICILLIN V POTASSIUM,500,,,70121,2376
00904,2151,ISOSORBIDE DINITRATE,10,,,807158,10062
00406,9913,NORTRIPTYLINE HYDROCHLORIDE,75,,,14378,391
00172,3758,LISINOPRIL,5,,,16334712.9,519756
00054,4499,LEUCOVORIN CALCIUM,25,,,7490,272
00378,4070,KETOPROFEN,50,,,689786,511436
00378,6440,VERAPAMIL HYDROCHLORIDE,240,,,3252102.6,1925640
51672,4023,ACETAZOLAMIDE,250,,,6502840.7299999995,103660
60505,3438,SELEGILINE HYDROCHLORIDE,5,,,486380.5,8964
00781,1391,HALOPERIDOL,0.5,,,1821317.4,37697
00378,3422,"NITROFURANTOIN MONOHYDRATE AND NITROFURANTOIN, MACROCRYSTALLINE",75; 25,,,10991850.914,1077455
00517,5602,HYDROXYZINE HYDROCHLORIDE,50,,,15697,2580
00527,1349,LEVOTHYROXINE SODIUM,0.15,,,1747734.36,55340
00904,2244,DOCUSATE SODIUM,100,,,1560196,31688
00591,2888,HYDROXOCOBALAMIN,1000,,,8127,268
00025,1451,MISOPROSTOL,100,,,883354,11958
00591,0528,ESTRADIOL,0.5,,,994678.6,29010
00067,6070,LORATADINE,10,,,115361.996,4334
00091,3707,MOEXIPRIL HYDROCHLORIDE,7.5,,,968353.6,27601
00378,3005,THIOTHIXENE,5,,,4750078.8,3234300
00603,5338,PREDNISONE,10,,,3411119.22,106223
00603,4485,METHOCARBAMOL,500,,,5959454.8,87674
00781,1446,FUROSEMIDE,80,,,18834935.358,393684
00264,7802,SODIUM CHLORIDE,0.45,,,25995164.498,6349
00069,2170,AMLODIPINE BESYLATE AND ATORVASTATIN CALCIUM,5; 20,,,371351,11675
00002,7511,INSULIN LISPRO,100,,,9023549.204,1503916
59762,3718,TRIAZOLAM,0.25,CIV,,4494839.66,189905
49348,0029,"POLYMYXIN B SULFATE, BACITRACIN ZINC, AND NEOMYCIN SULFATE",400; 3.5; 5000,,,291691.966,8638
45802,0056,GENTAMICIN SULFATE,1,,,441613.404,15574
00093,7198,FLUOXETINE,40,,,7326904.401,206059
00904,1057,BENZTROPINE MESYLATE,2,,,717119,14761
00121,0577,LACTULOSE,10,,,2842073.3389999997,5725
00009,5181,ALPROSTADIL,10,,,9632,1982
11980,0228,FLUOROMETHOLONE,2.5,,,34728.2,4577
00085,1264,DESLORATADINE,5,,,82869533.348,7421777
00591,5554,PROPRANOLOL HYDROCHLORIDE,10,,,7174856.4,99564
00074,7149,LEVOTHYROXINE SODIUM,300,,,1611291.4,607902
00003,3631,ATAZANAVIR,200,,,5599050,93753
00143,1763,TRIHEXYPHENIDYL HYDROCHLORIDE,5,,,1631700,25553
00013,2652,SOMATROPIN,NA,,,29421,1126
00185,4351,ISONIAZID,100,,,202025,3127
00143,1172,CAPTOPRIL,25,,,7836519.954,110357
00143,1455,PHENOBARBITAL,60,CIV,,5137764,96688
00378,4151,TRAMADOL HYDROCHLORIDE,50,CIV,YES,38739493.44,533170
51672,1294,CLOBETASOL PROPIONATE,0.5,,,260003.8,5155
00009,5014,MIGLITOL,100,,,721349,7929
00781,2228,THIOTHIXENE,5,,,3283810,53420
00002,3231,OLANZAPINE AND FLUOXETINE HYDROCHLORIDE,6; 25,,,2379250.792,76094
00536,3233,ACETAMINOPHEN,80,,,266933,4619
49348,0861,"DEXTROMETHORPHAN HBR, GUAIFENESIN",20; 200,,,1230704.024,5815
00517,7410,TRACE ELEMENTS 4,4.39; 1.57; .308; 20.5,,,18590.89,1107
00093,3109,AMOXICILLIN,500,,,48335133.24,1864358
00378,2650,AMITRIPTYLINE HYDROCHLORIDE,50,,,20610863,2336754
00603,2544,"BUTALBITAL, ACETAMINOPHEN, AND CAFFEINE",50; 325; 40,,,3967527.6,89047
00049,4910,SERTRALINE HYDROCHLORIDE,100,,,232350855.44799998,6444954
00781,1831,AMOXICILLIN AND CLAVULANATE POTASSIUM,500; 125,,,3894189.6,181249
51672,2003,CLOTRIMAZOLE,1,,,2178161.4,47704
63481,0627,OXYCODONE HYDROCHLORIDE AND ACETAMINOPHEN,2.5; 325,CII,YES,921349.4,21354
00049,2780,DOXAZOSIN MESYLATE,8,,,91454,2430
00009,0417,TESTOSTERONE CYPIONATE,200,CIII,,332255.324,53872
00777,3105,FLUOXETINE HYDROCHLORIDE,20,,,3602901.574,60760
00378,1190,GUANFACINE HYDROCHLORIDE,2,,,1782953.058,1938806
00003,5178,PRAVASTATIN SODIUM,20,,,43400351.72,1229428
00002,4112,OLANZAPINE,2.5,,,68910755.802,2005390
00527,1552,"BUTALBITAL, ASPIRIN, AND CAFFEINE",50; 325; 40,CIII,,3413429.6,70869
00093,9133,AMIODARONE HYDROCHLORIDE,200,,,6663542.4,134576
53489,0329,SPIRONOLACTONE,100,,,2312802.298,49047
00025,1421,DICLOFENAC SODIUM AND MISOPROSTOL,75; 200,,,14447717.72,246921
00555,0834,WARFARIN SODIUM,7.5,,,5223316.338,220638
00054,4180,DEXAMETHASONE,0.75,,,486141.96,23839
00603,5803,SULFASALAZINE,500,,,2944960,23855
00054,3194,DIPHENOXYLATE HYDROCHLORIDE AND ATROPINE SULFATE,2.5; .025,CV,,2501170,32176
65483,0991,ALLOPURINOL,100,,,6597,118
00186,1092,METOPROLOL SUCCINATE,100,,,72493367.804,1993794
00009,3124,CLINDAMYCIN PHOSPHATE,150,,,7414.719999999999,421
51672,4051,ETODOLAC,400,,,403394,8557
00093,4155,AMOXICILLIN,250,,,322418919.39,2005305
51672,1263,NYSTATIN AND TRIAMCINOLONE ACETONIDE,100000; 1,,,20322702.97,531536
00338,0719,DEXTROSE MONOHYDRATE,70,,,52104650.388,24206
00338,0719,DEXTROSE MONOHYDRATE,70,,,52104650.388,24206
00496,0882,LIDOCAINE,40,,,431259.118,13582
00009,3475,METHYLPREDNISOLONE ACETATE,80,,,15646.81,13990
00009,3475,METHYLPREDNISOLONE ACETATE,80,,,15646.81,13990
00378,2402,TRIFLUOPERAZINE HYDROCHLORIDE,2,,,1139951,1299126
00603,2115,ALLOPURINOL,100,,,3078067.8,68286
51672,4037,ENALAPRIL MALEATE,2.5,,,2406837.666,57981
00603,1328,GUAIFENESIN,100,,,1429795.25,6167
62037,0699,DILTIAZEM HYDROCHLORIDE,300,,,1260670,38079
00085,3315,NITROGLYCERIN,60,,,2195269,3071232
00054,4182,DEXAMETHASONE,1.5,,,73587,2041
00093,8344,GLYBURIDE,5,,,84749788.38,1081979
00009,4544,TOLTERODINE TARTRATE,2,,,23388277.042,434236
00781,1972,DESIPRAMINE HYDROCHLORIDE,25,,,1912841,32792
00378,3040,FAMOTIDINE,40,,,3756067.4,1857165
00904,2019,ASPIRIN,325,,,388112.172,10525
51672,1296,DIFLORASONE DIACETATE,0.5,,,266338,4605
00009,5180,PEGVISOMANT,NA,,,1916,89
00049,4110,GLIPIZIDE,5,,,71229,1099
00378,1454,ESTRADIOL,1,,,3324497.84,1975121
00527,1346,LEVOTHYROXINE SODIUM,0.112,,,747416,23821
12496,0757,BUPRENORPHINE HYDROCHLORIDE,0.3,CIII,,659236.61,4636
00378,0088,CARBIDOPA AND LEVODOPA,25; 100,,,13455962.26,907869
00069,3070,AZITHROMYCIN DIHYDRATE,500,,,2521601.118,713568
00143,2112,DOXYCYCLINE HYCLATE,100,,,431083,16938
00378,9112,NITROGLYCERIN,0.4,,,14767120.7,1076888
00781,5020,PROCHLORPERAZINE MALEATE,5,,,2031519,53454
00904,3571,MEGESTROL ACETATE,40,,,174523,2512
00054,8301,FUROSEMIDE,80,,,1317375.3,36552
00009,3331,CLINDAMYCIN PHOSPHATE,10,,,411786,8753
00591,5238,MEPROBAMATE,400,CIV,,4271996.8,64723
00185,5254,PHENDIMETRAZINE TARTRATE,105,CIII,,10043,297
00781,2201,TEMAZEPAM,15,CIV,,3666785,119240
59762,3721,ALPRAZOLAM,1,CIV,,57367878.8,755489
59762,3719,ALPRAZOLAM,0.25,CIV,,27015338.6,506490
00378,5211,OMEPRAZOLE,10,,,1297246.112,367307
51672,1302,TERCONAZOLE,8,,,2017861,100664
00143,9908,NAPROXEN SODIUM,550,,,4796822,119976
52544,0279,LEVONORGESTREL AND ETHINYL ESTRADIOL,NA,,,5479754.4,156354
00172,2089,HYDROCHLOROTHIAZIDE,50,,,16064312.158,469778
00093,1026,NEFAZODONE HYDROCHLORIDE,250,,,387535,6781
51079,0894,VERAPAMIL HYDROCHLORIDE,120,,,123149,3883
00054,4550,METHOTREXATE SODIUM,2.5,,,664008.102,28794
00378,4022,DOXAZOSIN MESYLATE,2,,,516824,13794
00904,7809,CYCLOBENZAPRINE HYDROCHLORIDE,10,,,1123772.626,22670
00143,1176,CARISOPRODOL,350,CIV,,8501173,117403
00781,2048,AMANTADINE HYDROCHLORIDE,100,,,9382498.58,184974
00054,4184,DEXAMETHASONE,4,,,5921126.552,186310
51672,1271,DESOXIMETASONE,0.5,,,2078169.5,45623
00591,2882,VERAPAMIL HYDROCHLORIDE,180,,,177066,4632
00093,9477,GLYBURIDE,1.25,,,1742769,43560
00085,3310,NITROGLYCERIN,40,,,558129,2437627
00002,3227,ATOMOXETINE HYDROCHLORIDE,10,,,7122343.398,169345
00172,2908,FUROSEMIDE,20,,,58036437.278,1572793
00378,6172,METOLAZONE,2.5,,,294946,1851246
59762,5026,GABAPENTIN,100,,,4029952.178,45499
00093,1010,MUPIROCIN,20,,,15893189.352,645092
00069,5810,DOFETILIDE,0.25,,,294499,4838
51672,1272,NYSTATIN AND TRIAMCINOLONE ACETONIDE,100000; 1,,,2102684.954,62337
00185,0724,CARISOPRODOL AND ASPIRIN,200; 325,CIV,,451744,7657
00054,8120,CALCIUM CARBONATE,1250,,,1270262,15839
51672,3009,HYDROCORTISONE ACETATE,10,,,421512.272,12555
00378,3350,ESTRADIOL,0.05,,,236286.726,790471
00591,0862,LISINOPRIL AND HYDROCHLOROTHIAZIDE,20; 25,,,2562196.6,74233
00378,6510,LOVASTATIN,10,,,739604.8,43223
00173,0569,ONDANSETRON HYDROCHLORIDE,4,,,665784.16,1241250
60505,0192,METFORMIN HYDROCHLORIDE,1000,,,3834077.6,60521
00591,0844,GLIPIZIDE,5,,,23999462.7,557784
00002,4420,OLANZAPINE,20,,,43259500.204,1310002
00378,4725,BENAZEPRIL HYDROCHLORIDE AND HYDROCHLOROTHIAZIDE,5; 6.25,,,37326,1761038
00378,1053,ENALAPRIL MALEATE,10,,,7620069.934,929617
00115,7033,FLUDROCORTISONE ACETATE,0.1,,,7616624.62,188562
00075,2451,DESMOPRESSIN ACETATE,4,,,56073.15,1602352
00456,3210,MEMANTINE HYDROCHLORIDE,10,,,39034615.062,716491
00378,4745,BENAZEPRIL HYDROCHLORIDE AND HYDROCHLOROTHIAZIDE,20; 12.5,,,1340997.4,1114320
00006,3516,IMIPENEM AND CILASTATIN SODIUM,500; 500,,,702468.96,22171
00904,5553,FAMOTIDINE,20,,,3522154,83281
51672,4041,CARBAMAZEPINE,100,,,21457791.84,186799
00172,5033,LISINOPRIL AND HYDROCHLOROTHIAZIDE,10; 12.5,,,2145471.28,64585
00832,1081,BENZTROPINE MESYLATE,1,,,15843527.12,299540
00517,5023,SODIUM ACETATE,328,,,521374.56,4707
00172,4960,FLUTAMIDE,125,,,555937,3963
51079,0284,DIAZEPAM,2,CIV,,261253,4773
00186,0322,CANDESARTAN CILEXETIL AND HYDROCHLOROTHIAZIDE,32; 12.5,,,4467420.6,3292837
00378,5280,DILTIAZEM HYDROCHLORIDE,180,,,9332902.14,421476
00591,5561,DISOPYRAMIDE PHOSPHATE,150,,,492592,6687
00003,3624,ATAZANAVIR,150,,,12381042.84,208514
00904,5229,NAPROXEN SODIUM,220,,,328019,5836
00074,3826,DIVALPROEX SODIUM,250,,,33200604.344,5397941
00075,2915,ENOXAPARIN SODIUM,150,,,127069.8,1866908
00075,2915,ENOXAPARIN SODIUM,150,,,127069.8,1866908
00591,0426,VALPROIC ACID,250,,,23471850.36,42594
00781,1490,AMITRIPTYLINE HYDROCHLORIDE,100,,,3204150,81605
00009,7376,MEDROXYPROGESTERONE ACETATE,150,,,479981.03,438844
00003,1967,STAVUDINE,40,,,18254322,309588
00781,1507,ATENOLOL,100,,,28283012.240000002,741340
37205,0565,DIPHENHYDRAMINE HYDROCHLORIDE,12.5,,,840049.713,5225
00591,5713,AMOXAPINE,25,,,156645,2553
00781,1046,PERPHENAZINE,2,,,1604856,26546
00228,2631,ISOSORBIDE MONONITRATE,10,,,412647.5,7216
00904,5256,ACETAMINOPHEN,80,,,50664,1036
00904,5065,GUAIFENESIN AND CODEINE PHOSPHATE,100; 10,CV,YES,2785701,12907
00555,9020,LEVONORGESTREL AND ETHINYL ESTRADIOL,NA,,,1622976,45178
59762,3744,CLINDAMYCIN PHOSPHATE,10,,,838458,13640
11523,1167,OXYMETAZOLINE HYDROCHLORIDE,0.05,,,555,21
00832,1218,WARFARIN SODIUM,7.5,,,99395.5,6289
00228,2067,OXAZEPAM,10,CIV,,2670541,50739
00093,8192,CIMETIDINE,300,,,659313,11814
00069,2600,NIFEDIPINE,10,,,319089,4269
00013,5301,RIFABUTIN,150,,,503076,10954
00002,4115,OLANZAPINE,5,,,94378024.274,2585514
00781,1789,DICLOFENAC SODIUM,75,,,11677977.3,205468
00904,5306,DIPHENHYDRAMINE HYDROCHLORIDE,25,,,3125979.332,67448
00069,3060,AZITHROMYCIN DIHYDRATE,250,,,36769028.459,6054425
00904,5059,WITCH HAZEL,500,,,27556.66,227
00591,0487,ESTRADIOL,1,,,4075956.92,117790
00378,2075,LISINOPRIL,20,,,24605444.2,3763722
00093,8342,GLYBURIDE,1.25,,,2401428.8,65479
00074,7804,POTASSIUM CHLORIDE,750,,,16816016.26,1305803
00904,0428,DOXYCYCLINE HYCLATE,100,,,194080.9,8938
00185,4346,QUINIDINE SULFATE,200,,,439142,5218
00299,5765,DESONIDE,0.5,,,696067.66,6809
00378,1054,ENALAPRIL MALEATE,20,,,8385994.034,2066813
00087,6074,GLYBURIDE AND METFORMIN HYDROCHLORIDE,5; 500,,,55971298.424,638146
00469,5201,TACROLIMUS,0.3,,,7310682.02,137946
55513,0546,FILGRASTIM,480,,,161971.808,53846
00781,5021,PROCHLORPERAZINE MALEATE,10,,,6540466.12,176061
00074,7069,LEVOTHYROXINE SODIUM,150,,,18610925.01,578363
00536,3086,ASPIRIN,81,,,41041261.24,937638
00378,9040,CYSTEAMINE BITARTRATE,50,,,258946,280806
00555,9050,DESOGESTREL/ETHINYL ESTRADIOL AND ETHINYL ESTRADIOL,NA,,,7793821.48,209874
00703,3018,FLUOROURACIL,2.5,,,3563,71
00527,0586,DICYCLOMINE HYDROCHLORIDE,10,,,4441944.24,60939
00004,6203,NAPROXEN SODIUM,550,,,26340,433
00781,2613,AMOXICILLIN,500,,,13245886.8,498388
00904,7704,ASPIRIN,81,,,23623402.44,579053
00904,5676,PAROXETINE HYDROCHLORIDE,10,,,359754,13329
39822,1055,AMPHOTERICIN B,50,,,34457.98,1980
00093,3123,DICLOXACILLIN SODIUM,250,,,1256889.672,31435
00143,9929,CIPROFLOXACIN,750,,,5435,257
00378,1809,LEVOTHYROXINE SODIUM,100,,,5265789.8,1699381
00024,5421,ZOLPIDEM TARTRATE,10,CIV,,154906134.768,5482813
00023,8335,TAZAROTENE,0.5,,,634374.12,14277
00703,9032,AMIKACIN SULFATE,500,,,106790.96,6377
00703,9032,AMIKACIN SULFATE,500,,,106790.96,6377
51672,4042,CLORAZEPATE DIPOTASSIUM,3.75,CIV,,1105601,17347
00093,2158,TRIMETHOPRIM,100,,,214671,6703
00069,4200,SILDENAFIL CITRATE,25,,,196019.86,21445
00527,1380,LEVOTHYROXINE SODIUM,0.3,,,7007,214
00904,3365,BACLOFEN,10,,,1039384.5,13476
00065,8531,CIPROFLOXACIN HYDROCHLORIDE AND HYDROCORTISONE,2; 10,,,2969829.354,296169
00378,5750,KETOPROFEN,75,,,3133889.842,1773939
00904,5058,BISACODYL,10,,,222208,14402
00049,2750,DOXAZOSIN MESYLATE,1,,,43839,1220
00049,3420,FLUCONAZOLE,100,,,5163219.72,357305
00591,5658,CYCLOBENZAPRINE HYDROCHLORIDE,10,,,57217332.284,1181011
00054,3117,CALCIUM CARBONATE,1250,,,27558452.698,77076
00069,4380,PRAZOSIN HYDROCHLORIDE,5,,,9110,100
00703,4075,PAMIDRONATE DISODIUM,3,,,3076,92
00025,2742,DISOPYRAMIDE PHOSPHATE,150,,,172291,1997
00378,5340,DILTIAZEM HYDROCHLORIDE,240,,,9373614.61,2003776
00378,2002,THIOTHIXENE,2,,,2612834,1040786
00054,4186,DEXAMETHASONE,6,,,21180,448
00378,6520,LOVASTATIN,20,,,7614748.72,2114839
00172,4366,LABETALOL HYDROCHLORIDE,300,,,3185691.64,40350
00591,5381,METHOCARBAMOL,500,,,5870707,90836
00054,4571,METHADONE HYDROCHLORIDE,10,CII,,63227910.6,387040
50111,0327,HYDRALAZINE HYDROCHLORIDE,25,,,20725034.624,225159
00603,4998,OXYCODONE HYDROCHLORIDE AND ACETAMINOPHEN,5; 325,CII,YES,6414655,111366
63304,0736,BENAZEPRIL HYDROCHLORIDE,5,,,80693,2322
51079,0790,ALPRAZOLAM,1,CIV,,95162.6,1874
00143,1445,PHENOBARBITAL,15,CIV,,3244493,39822
00406,9915,TEMAZEPAM,7.5,CIV,,5432988.4,226196
00591,5321,PRIMIDONE,250,,,13842182.764,188638
37205,0583,MICONAZOLE NITRATE,NA,,,287,143
00228,2551,DICLOFENAC SODIUM,75,,,3238068.446,59628
00093,9652,PROCHLORPERAZINE MALEATE,10,,,2001202.3,51519
00187,3013,PYRIDOSTIGMINE BROMIDE,180,,,607654,12269
51079,0984,LISINOPRIL,40,,,396832,12897
00054,8528,LITHIUM CARBONATE,300,,,449879,7430
00469,5202,TACROLIMUS,1,,,14838876.2,240258
63739,0251,VALPROIC ACID,250,,,214963,1855
00228,2076,TEMAZEPAM,15,CIV,,8156602.772,263246
66685,1011,AMOXICILLIN AND CLAVULANATE POTASSIUM,200; 28.5,,,15255527.16,142210
00187,3010,PYRIDOSTIGMINE BROMIDE,60,,,3228379.6,23498
00023,9201,EPINASTINE HYDROCHLORIDE,0.5,,,533617.01,97617
00536,1970,POLYVINYL ALCOHOL,14,,,2897718.6,184977
00228,2129,CLONIDINE HYDROCHLORIDE,0.3,,,12429093.6,173426
00143,1266,LISINOPRIL,5,,,546771.5,17173
51672,1298,KETOCONAZOLE,20,,,8314327.948,196920
00172,5412,FLUCONAZOLE,150,,,53580.43,28853
00378,6540,LOVASTATIN,40,,,4110657,980991
00406,3243,HYDROMORPHONE HYDROCHLORIDE,2,CII,YES,5739356.28,96676
00378,5220,DILTIAZEM HYDROCHLORIDE,120,,,5246527.56,153328
00472,1270,IBUPROFEN,100,,,597204354.5,3346285
00574,7236,PROMETHAZINE HYDROCHLORIDE,12.5,,,312969.108,44699
00172,5032,LISINOPRIL AND HYDROCHLOROTHIAZIDE,20; 25,,,3073183,86939
00832,1211,WARFARIN SODIUM,1,,,733647,29109
51079,0983,LISINOPRIL,20,,,1624556,49306
00054,8299,FUROSEMIDE,40,,,5533057,178024
00603,4170,POTASSIUM BICARBONATE,25,,,277461,5809
00093,9604,HALOPERIDOL LACTATE,2,,,3673643,26576
00406,8885,DEXTROAMPHETAMINE SACCHARATE AND AMPHETAMINE ASPARTATE AND DEXTROAMPHETAMINE SULFATE AND AMPHETAMINE SULFATE,3.75; 3.75; 3.75; 3.75,CII,,156188,3216
00591,3153,MINOCYCLINE HYDROCHLORIDE,75,,,39525,751
00781,2144,AMPICILLIN,250,,,424268.4,13649
00378,6120,DILTIAZEM HYDROCHLORIDE,120,,,1529368,1153748
00054,3556,METHADONE HYDROCHLORIDE,10,CII,,2594705.6999999997,5338
00186,1989,BUDESONIDE,0.5,,,75982239.52,910320
00093,1024,NEFAZODONE HYDROCHLORIDE,100,,,2314335.94,34671
00093,4160,AMOXICILLIN,200,,,14504358.2,125801
00074,6212,DIVALPROEX SODIUM,125,,,31131547.2,2874715
00074,3288,TRANDOLAPRIL AND VERAPAMIL HYDROCHLORIDE,1; 240,,,124454,2423764
00009,7667,CLINDAMYCIN PHOSPHATE,100,,,164887.986,50978
00904,5053,PSEUDOEPHEDRINE HCL,30,,,2209553.32,43274
00781,1089,ALPRAZOLAM,2,CIV,,18392942.852,245147
51079,0864,CAPTOPRIL,25,,,718270.336,11487
00781,2145,AMPICILLIN,500,,,1979677,63056
00536,1850,PSEUDOEPHEDRINE HYDROCHLORIDE,30,,,10431533.822,75865
00002,4454,OLANZAPINE,10,,,9071852.566,225902
00832,1216,WARFARIN SODIUM,5,,,959429,40830
00049,3990,ZIPRASIDONE HYDROCHLORIDE,80,,,42773837.796,756856
00591,5883,METHYLPHENIDATE HYDROCHLORIDE,10,CII,,8092980.134,121181
00378,2150,MECLOFENAMATE SODIUM,50,,,226695,143330
00517,9203,TRACE ELEMENTS 4,4.39; .4; 77; 5.12,,,40129.35,1531
00536,4540,SODIUM BICARBONATE,325,,,709395,5400
00378,3075,CLOMIPRAMINE HYDROCHLORIDE,75,,,222672,1203707
00603,6241,TRIHEXYPHENIDYL HYDROCHLORIDE,5,,,3311942,49256
00169,7501,INSULIN ASPART,100,,,8783466.96,525128
00378,2072,LISINOPRIL,2.5,,,2687456,783236
00378,2302,PRAZOSIN HYDROCHLORIDE,2,,,2457301.6,1493419
00781,1818,FUROSEMIDE,20,,,41040112.544,1033009
51672,1269,BETAMETHASONE VALERATE,1,,,1738939.8,39555
00023,4385,LEVOBUNOLOL HYDROCHLORIDE,5,,,6607.9,615
00088,2160,LEFLUNOMIDE,10,,,769416,643311
00832,1212,WARFARIN SODIUM,2,,,604427.5,28997
00406,8893,DEXTROAMPHETAMINE SACCHARATE AND AMPHETAMINE ASPARTATE AND DEXTROAMPHETAMINE SULFATE AND AMPHETAMINE SULFATE,5; 5; 5; 5,CII,,11214,196
00075,2452,DESMOPRESSIN ACETATE,0.1,,,250817.018,36673
00074,5681,VALPROIC ACID,250,,,954093,3025306
00115,2622,TERBUTALINE SULFATE,5,,,4460803.8,67791
00185,4350,ISONIAZID,300,,,2679634.64,75820
00469,0617,TACROLIMUS,1,,,45276981.246,263498
00003,5194,PRAVASTATIN SODIUM,40,,,60472254.46,1728282
00904,5464,IBUPROFEN,100,,,3309660,33694
00904,1313,BISMUTH SUBSALICYLATE,262,,,1795239,7502
00591,5347,PROBENECID,500,,,1521518.52,30050
00641,0476,PHENOBARBITAL SODIUM,65,CIV,,7066,513
00406,9906,CLOMIPRAMINE HYDROCHLORIDE,25,,,60836,663
63304,0636,GANCICLOVIR,250,,,409765,2183
00228,2530,NIFEDIPINE,20,,,1395068.3,18818
00069,3110,AZITHROMYCIN DIHYDRATE,100,,,25151869.962,1341928
00904,5309,IBUPROFEN,100,,,15425789.88,95327
00074,3289,TRANDOLAPRIL AND VERAPAMIL HYDROCHLORIDE,2; 240,,,2190569,1221201
00781,1393,HALOPERIDOL,2,,,3376180.5,61519
00054,4728,PREDNISONE,5,,,15229292.932,333762
00093,2240,CEPHALEXIN,500,,,694479,23916
00087,6633,DIDANOSINE,10,,,3396538.658,7448
00143,1268,LISINOPRIL,20,,,936159.72,24735
00703,6801,MEDROXYPROGESTERONE ACETATE,150,,,61052.998,39302
00049,3920,ZIPRASIDONE MESYLATE,20,,,173385.4,13775
00093,0813,NORTRIPTYLINE HYDROCHLORIDE,75,,,874651,22320
51672,5203,DESOXIMETASONE,2.5,,,9705,145
00378,3022,CAPTOPRIL,100,,,1518902.632,1519142
00517,4605,GLYCOPYRROLATE,0.2,,,391551,1825
00143,3189,LITHIUM CARBONATE,300,,,863930,9292
00574,7226,PROCHLORPERAZINE,25,,,562753,42227
00591,5454,QUINIDINE SULFATE,300,,,136300,1971
51672,4035,WARFARIN SODIUM,10,,,1393639.8,49910
00555,9051,DESOGESTREL AND ETHINYL ESTRADIOL,NA,,,1170784,34503
00002,7516,INSULIN LISPRO,100,,,42105,2661724
00548,5900,COSYNTROPIN,0.25,,,233,116
00093,2275,AMOXICILLIN AND CLAVULANATE POTASSIUM,875; 125,,,12264680.4,623941
00172,3761,LISINOPRIL,40,,,9801119.578,293266
51079,0985,BUSPIRONE HYDROCHLORIDE,5,,,788279.5,12938
00904,5448,PENTOXIFYLLINE,400,,,770908,10082
00023,0798,CARBOXYMETHYLCELLULOSE SODIUM,5,,,1251421.8,65098
00228,2637,GABAPENTIN,800,,,60658,644
00603,2116,ALLOPURINOL,300,,,2930058.4,85532
00049,3960,ZIPRASIDONE HYDROCHLORIDE,20,,,20313194.6,366026
00456,3200,MEMANTINE HYDROCHLORIDE,NA,,,2628687.876,54670
00087,6071,METFORMIN HYDROCHLORIDE,1000,,,16844442.12,211976
00054,3567,MILK OF MAGNESIA,2400,,,573636.94,3609
00904,5610,ENALAPRIL MALEATE,10,,,396707,9729
00406,8380,MORPHINE SULFATE,60,CII,YES,5236579.6,70920
00093,5126,BENAZEPRIL HYDROCHLORIDE,20,,,3868457.4,91130
00054,8176,DEXAMETHASONE,2,,,71360.9,1916
00378,3017,CAPTOPRIL,50,,,9732600.906,2220689
51079,0949,DILTIAZEM HYDROCHLORIDE,240,,,101997,3621
00378,1805,LEVOTHYROXINE SODIUM,75,,,4121494.6,1947361
00781,1766,IMIPRAMINE HYDROCHLORIDE,50,,,8684585,145115
00904,2009,ASPIRIN,325,,,671473.996,16427
00378,2685,AMITRIPTYLINE HYDROCHLORIDE,100,,,7548393.17,1627254
00054,4603,MEGESTROL ACETATE,20,,,78300,1422
00591,5695,MINOCYCLINE HYDROCHLORIDE,100,,,5127730,116288
59762,3743,CLINDAMYCIN PHOSPHATE,10,,,2258806.12,45550
00555,9012,NORETHINDRONE AND ETHINYL ESTRADIOL,NA,,,3255831.2,93685
00054,3090,BUTORPHANOL TARTRATE,10,CIV,YES,123980.2,33059
00093,8741,MEXILETINE HYDROCHLORIDE,250,,,59488,625
00054,3566,MIDAZOLAM HYDROCHLORIDE,2,CIV,,14336.49,1187
00187,3554,FLUCYTOSINE,250,,,11957,59
00378,2610,AMITRIPTYLINE HYDROCHLORIDE,10,,,15331913,317140
00904,3524,ACETIC ACID IN AQUEOUS ALUMINUM ACETATE,2,,,15135,257
00054,8526,LITHIUM CARBONATE,150,,,465211,11056
00781,6104,AMOXICILLIN AND CLAVULANATE POTASSIUM,400; 57,,,25073288,220105
00085,3305,NITROGLYCERIN,20,,,231716,247582
00527,1376,LEVOTHYROXINE SODIUM,0.125,,,344476.5,10287
00013,2655,SOMATROPIN,NA,,,8169,289
00093,2204,METOCLOPRAMIDE,5,,,18908816.98,215450
00781,1123,TRIAMTERENE AND HYDROCHLOROTHIAZIDE,37.5; 25,,,10163014.626,342532
00781,2823,FLUOXETINE HYDROCHLORIDE,10,,,8735853.3,230584
00013,2656,SOMATROPIN,NA,,,6044,228
00069,3150,AZITHROMYCIN DIHYDRATE,500,,,92851.8,5875
00591,5443,PREDNISONE,20,,,20661642.266,1037183
00904,5590,NAPROXEN,375,,,52638.5,995
00904,5512,DOCUSATE SODIUM AND SENNOSIDES,50; 8.6,,,497245,7616
00904,2365,METHOCARBAMOL,750,,,654839,9469
00007,4892,ROPINIROLE,1,,,5558239,1096616
00603,2212,AMITRIPTYLINE HYDROCHLORIDE,10,,,18936781.78,395687
00904,1257,CALCIUM CARBONATE,500,,,1339450,11982
00054,4527,LITHIUM CARBONATE,300,,,13163527.1,161796
00781,2227,THIOTHIXENE,2,,,1585731.1,26719
00088,1208,DOLASETRON MESYLATE,12.5,,,2734.718,251
52544,0472,ESTRADIOL TRANSDERMAL SYSTEM,0.075,,,13091,1534
00378,4415,FLURAZEPAM HYDROCHLORIDE,15,CIV,,1710877.8,1030823
00591,3138,NIZATIDINE,300,,,87013,2155
00904,5463,IBUPROFEN,50,,,40875,2339
00009,3448,CLINDAMYCIN PHOSPHATE,20,,,4771006,118334
00378,2401,TRIFLUOPERAZINE HYDROCHLORIDE,1,,,413969.1,647591
59762,3728,CLINDAMYCIN PHOSPHATE,10,,,5800272.2,99162
00517,7604,ACETYLCYSTEINE,200,,,202430.2,2732
00904,7915,IBUPROFEN,200,,,1260915,21222
00054,4301,FUROSEMIDE,80,,,7701238.2,173267
00536,4533,SIMETHICONE,80,,,3338494.32,37598
00904,5367,PSEUDOEPHEDRINE HYDROCHLORIDE,15,,,1069395,8791
00781,1375,MECLIZINE HYDROCHLORIDE,25,,,2067485.06,34583
00054,3176,DEXAMETHASONE INTENSOL,1,,,163597.094,3365
00603,6240,TRIHEXYPHENIDYL HYDROCHLORIDE,2,,,6641327,103287
00904,1982,ACETAMINOPHEN,325,,,8309877.2,105044
00615,1318,POTASSIUM,750,,,94249,1477
00228,2128,CLONIDINE HYDROCHLORIDE,0.2,,,23367366.894,367909
00088,1206,DOLASETRON MESYLATE,100,,,499574.60599999997,92779
00085,1194,RIBAVIRIN,200,,,4485531.2,1289428
00536,3467,CHLORPHENIRAMINE MALEATE,4,,,880226.8,14747
00075,7700,RILUZOLE,50,,,648563,1091100
00074,7269,CYCLOSPORINE,100,,,100163,1632
00264,7635,"DEXTROSE, SODIUM CHLORIDE, AND POTASSIUM CHLORIDE",5; .45; .15,,,6137585.346,1717
00009,3116,CLINDAMYCIN PHOSPHATE,10,,,159025,2716
00172,3927,DIAZEPAM,10,CIV,,17789462.4,270069
00904,5186,IBUPROFEN,600,,,1291232,29857
51672,2035,MICONAZOLE NITRATE,20,,,1165894.766,25753
00781,1635,ISOSORBIDE DINITRATE,5,,,1820986,21149
00378,9104,NITROGLYCERIN,0.2,,,14013344.384,1433401
00615,1553,MECLIZINE HYDROCHLORIDE,12.5,,,3401,45
00264,7751,"DEXTROSE, SODIUM CHLORIDE, SODIUM LACTATE, POTASSIUM CHLORIDE, AND CALCIUM CHLORIDE",5; .6; .31; .03; .02,,,4552442.6,598
00187,3555,FLUCYTOSINE,500,,,32263,208
00069,4370,PRAZOSIN HYDROCHLORIDE,2,,,19681.1,183
00013,2651,SOMATROPIN,NA,,,30508,1166
00065,4013,MOXIFLOXACIN HYDROCHLORIDE,5,,,2254151.68,739136
00591,5783,ATENOLOL AND CHLORTHALIDONE,100; 25,,,1482716,45623
00002,4463,TADALAFIL,10,,,97502,18984
00093,5127,BENAZEPRIL HYDROCHLORIDE,40,,,2791912,65632
00904,7623,HYDROCORTISONE,1,,,481618.666,13496
00781,1489,AMITRIPTYLINE HYDROCHLORIDE,75,,,1667838.12,44644
59762,3720,ALPRAZOLAM,0.5,CIV,,55399637.812,867436
00615,1571,FUROSEMIDE,80,,,1533,57
00002,4116,OLANZAPINE,7.5,,,19184570.54,570112
00009,7686,ALPROSTADIL,41.1,,,6347,1231
00025,1381,OXAPROZIN,600,,,98765,1621
00085,3330,NITROGLYCERIN,120,,,156903,3304743
00781,1785,DICLOFENAC SODIUM,25,,,294337.4,4628
00007,3650,HYDROCHLOROTHIAZIDE AND TRIAMTERENE,25; 37.5,,,525993.4,1074057
51672,4047,CARBAMAZEPINE,100,,,131789904.992,200644
00536,3985,MECLIZINE HCL,12.5,,,395634,7068
51672,5205,DESOXIMETASONE,0.5,,,10305,206
00703,7013,HALOPERIDOL DECANOATE,50,,,74630.45999999999,14383
00378,1813,LEVOTHYROXINE SODIUM,125,,,2826069,160153
00013,2646,SOMATROPIN,NA,,,71678.08,14347
51672,2030,OXYMETAZOLINE HYDROCHLORIDE,0.05,,,116429.938,5218
00024,1596,PRIMAQUINE PHOSPHATE,15,,,15827.333,661
00002,8031,GLUCAGON,NA,,,210809.098,145713
00603,3508,POTASSIUM BICARBONATE AND POTASSIUM CHLORIDE EFFERVESCENT TABLETS FOR ORAL SOLUTION,1.25; 1.5; .7,,,146567,3110
00406,8962,DEXTROAMPHETAMINE SULFATE,15,CII,,416592.3,6759
63323,0664,DIPHENHYDRAMINE HYDROCHLORIDE,50,,,26748,2515
63323,0664,DIPHENHYDRAMINE HYDROCHLORIDE,50,,,26748,2515
00054,8175,DEXAMETHASONE,4,,,178302.8,4507
00093,5703,BUPROPION HYDROCHLORIDE,150,,,486065.6,8552
00024,1562,HYDROXYCHLOROQUINE SULFATE,200,,,401427.7,6465
00169,3696,INSULIN ASPART,100,,,3094689.084,140171
00172,2083,HYDROCHLOROTHIAZIDE,25,,,141717998.808,4418059
00703,9514,SULFAMETHOXAZOLE AND TRIMETHOPRIM,80; 16,,,86964.75,378
00703,9514,SULFAMETHOXAZOLE AND TRIMETHOPRIM,80; 16,,,86964.75,378
51672,4016,ETODOLAC,200,,,515658,8669
00904,5222,BACLOFEN,20,,,381941,4209
00087,6671,DIDANOSINE,125,,,232048,7291
00527,1282,DICYCLOMINE HYDROCHLORIDE,20,,,3891813,55335
00378,2537,TRIAMTERENE AND HYDROCHLOROTHIAZIDE,25; 37.5,,,20003934.68,611762
00904,5591,NAPROXEN,500,,,281191,5540
51672,4046,ENALAPRIL MALEATE AND HYDROCHLOROTHIAZIDE,10; 25,,,2749452.2,75954
00703,9402,TOBRAMYCIN,40,,,443663.13,11839
00172,2907,FUROSEMIDE,40,,,84573053.856,2118690
00093,5117,DILTIAZEM HYDROCHLORIDE,180,,,10182847.2,283190
63044,0198,"IRON, CYANOCOBALAMIN AND FOLIC ACID",150; 25; 1,,,57032,1135
00781,1488,AMITRIPTYLINE HYDROCHLORIDE,50,,,8708709,196033
00299,5910,ADAPALENE,1,,,4923706,109732
00145,2371,CLINDAMYCIN PHOSPHATE AND BENZOYL PEROXIDE,10; 50,,,4263587.2,93628
00054,4146,CLOTRIMAZOLE,10,,,565600,9178
00591,5239,MEPROBAMATE,200,CIV,,704230.75,11114
00172,4358,RANITIDINE,300,,,779808.2,17316
00054,4595,MEPERIDINE HYDROCHLORIDE,50,CII,,530489,11028
00007,4142,CARVEDILOL,25,,,42029839.82,1217976
00641,2460,HEPARIN SODIUM,5000,,,543288.2,22832
00781,1437,FLUPHENAZINE HYDROCHLORIDE,2.5,,,779880,15220
00049,3450,FLUCONAZOLE,1400,,,2605854.8140000002,57953
00049,4120,GLIPIZIDE,10,,,140534,2021
00591,5560,DISOPYRAMIDE PHOSPHATE,100,,,544612,6341
00378,1912,CLONAZEPAM,1,CIV,,9759120.2,2033636
00591,5782,ATENOLOL AND CHLORTHALIDONE,50; 25,,,3840014.2,117986
11523,7157,LORATADINE,10,,,12578620,404291
00172,3762,LISINOPRIL,30,,,1110512.5,34240
00025,1891,VERAPAMIL HYDROCHLORIDE,240,,,301154,6916
00299,3839,"SODIUM SULFACETAMIDE, SULFER",10; 5,,,695799.804,3913
00085,0962,BETAMETHASONE DIPROPIONATE,0.5,,,1302446,3482041
00781,1974,DESIPRAMINE HYDROCHLORIDE,75,,,261474,6105
00456,4300,FOSFOMYCIN TROMETHAMINE,3,,,15517.66,9459
00025,1720,EPLERENONE,50,,,96494,2670
00430,3754,ESTRADIOL,0.1,,,4978014.464,112924
00517,5601,HYDROXYZINE HYDROCHLORIDE,50,,,50165.84,6930
00472,1736,MICONAZOLE NITRATE,100,,,57651.29,7636
00054,3185,DIAZEPAM INTENSOL,5,CIV,,240851.6,4891
51079,0759,ATENOLOL,25,,,2226405.686,69890
00406,8390,MORPHINE SULFATE,100,CII,YES,3264227,33365
51079,0986,BUSPIRONE HYDROCHLORIDE,10,,,719211,10055
00049,4940,SERTRALINE HYDROCHLORIDE,20,,,2967221.7,38198
00406,9910,NORTRIPTYLINE HYDROCHLORIDE,10,,,25868,400
00085,1316,PEGINTERFERON ALFA-2B,80,,,12799,1303087
00009,3375,CLINDAMYCIN PHOSPHATE,12,,,943603,1971
00603,3857,HYDROCHLOROTHIAZIDE,50,,,5795871.562,169832
00781,1556,ISOSORBIDE DINITRATE,10,,,7977216.69,91080
00009,3073,METHYLPREDNISOLONE ACETATE,40,,,20804.5,14472
00009,3073,METHYLPREDNISOLONE ACETATE,40,,,20804.5,14472
00074,7126,DIVALPROEX SODIUM,500,,,186793613.729,5453548
00517,7630,ACETYLCYSTEINE,200,,,266336.15,2419
00555,9008,NORETHINDRONE AND ETHINYL ESTRADIOL,NA,,,213605,5569
00054,8740,PREDNISONE,2.5,,,431226.6,12756
00185,1047,QUINIDINE SULFATE,300,,,242898,3500
00069,5410,HYDROXYZINE PAMOATE,25,,,59078,883
00378,1819,LEVOTHYROXINE SODIUM,200,,,930669,847749
00093,7206,MIRTAZAPINE,15,,,22851162.1,777214
59762,3328,CLINDAMYCIN HYDROCHLORIDE,150,,,12160404.078,291707
00093,7188,FLUOXETINE,10,,,1188354,31547
00904,2924,VERAPAMIL HYDROCHLORIDE,120,,,47925.5,910
51079,0943,BUPROPION HYDROCHLORIDE,75,,,278927,5076
00067,3998,TERBINAFINE HYDROCHLORIDE,10,,,2035070.658,80097
00054,8174,DEXAMETHASONE,1,,,26393.34,562
00603,5801,SULFASALAZINE,500,,,307955,2140
51672,4033,WARFARIN SODIUM,6,,,2019907,82531
58468,4663,IMIGLUCERASE,40,,,63902,3368
00641,1398,CHLORPROMAZINE HYDROCHLORIDE,25,,,84077.72,10700
00051,8425,TESTOSTERONE,10,CIII,,1349420.402,15831
00517,7504,ACETYLCYSTEINE,100,,,649329,7279
59762,3742,MEDROXYPROGESTERONE ACETATE,10,,,4336592,201913
00904,2821,OXYBUTYNIN CHLORIDE,5,,,786620,13411
00378,3530,MIRTAZAPINE,30,,,6859468.6,214928
00591,5335,TRIHEXYPHENIDYL HYDROCHLORIDE,2,,,19663328.368,316387
00472,0829,FLUOCINONIDE,0.5,,,34430,548
00093,2264,AMOXICILLIN,875,,,5981752.2,299082
00406,9907,CLOMIPRAMINE HYDROCHLORIDE,50,,,115984,1165
00228,2539,CARBIDOPA AND LEVODOPA,25; 100,,,29693365.92,313510
00025,1851,VERAPAMIL HYDROCHLORIDE,80,,,16691,192
00087,6673,DIDANOSINE,250,,,5038326,167941
00009,4541,TOLTERODINE TARTRATE,1,,,3982441.004,75326
00904,2364,METHOCARBAMOL,500,,,88798,1673
00703,7023,HALOPERIDOL DECANOATE,100,,,326373.76,66982
00172,5034,LISINOPRIL AND HYDROCHLOROTHIAZIDE,20; 12.5,,,3491943.06,89691
00527,1379,LEVOTHYROXINE SODIUM,0.2,,,102263,3104
00049,2760,DOXAZOSIN MESYLATE,2,,,164596.5,4023
51079,0992,FLUVOXAMINE MALEATE,50,,,75318,1997
00832,1214,WARFARIN SODIUM,3,,,573509.5,33094
00029,1527,MUPIROCIN CALCIUM,20,,,31603955.938,2299512
00574,7112,MORPHINE SULFATE,10,CII,YES,14763,980
00169,3303,INSULIN ASPART,100,,,1029132.52,53169
00591,2880,VERAPAMIL HYDROCHLORIDE,120,,,201672,5354
00536,3597,DIPHENHYDRAMINE HCL,25,,,277412,5174
00904,5230,NAPROXEN SODIUM,220,,,153357.28,2977
00264,7750,"SODIUM CHLORIDE, SODIUM LACTATE, POTASSIUM CHLORIDE, AND CALCIUM CHLORIDE",.6; .31; .03; .02,,,5124517,953
00264,7750,"SODIUM CHLORIDE, SODIUM LACTATE, POTASSIUM CHLORIDE, AND CALCIUM CHLORIDE",.6; .31; .03; .02,,,5124517,953
00054,8297,FUROSEMIDE,20,,,5073542.22,163077
00093,8940,ACYCLOVIR,200,,,2457615,47792
00904,2528,"PIPERONYL BUTOXIDE, PYRETHRUM EXTRACT",4; .33,,,9245.8,81
00172,4365,LABETALOL HYDROCHLORIDE,200,,,10834895.8,130766
00781,5188,LEVOTHYROXINE SODIUM,175,,,1860076,55303
00406,9912,NORTRIPTYLINE HYDROCHLORIDE,50,,,57881,913
00517,4620,GLYCOPYRROLATE,0.2,,,2643301.08,7276
00904,7914,IBUPROFEN,200,,,255125,3793
00093,2238,CEPHALEXIN,250,,,126549,3796
00299,3836,METRONIDAZOLE,7.5,,,1996533.8,43608
00378,2695,AMITRIPTYLINE HYDROCHLORIDE,150,,,1870840.4,1773486
00703,3015,FLUOROURACIL,50,,,5048,37
00054,4183,DEXAMETHASONE,2,,,824861.154,20268
00591,5642,MINOXIDIL,2.5,,,5517415,71800
00781,2258,DICLOXACILLIN SODIUM,500,,,712572,18908
00054,2531,LITHIUM CARBONATE,600,,,1040339,22033
00378,0232,FUROSEMIDE,80,,,68887165.458,2845028
00009,3701,ALPROSTADIL,20.5,,,3943,681
00338,1019,NAFCILLIN,2,,,1781224,707
00074,6123,FENOFIBRATE,145,,,310763.6,9560
00527,1377,LEVOTHYROXINE SODIUM,0.15,,,208094,6595
00406,9922,IMIPRAMINE HYDROCHLORIDE,50,,,33647,396
00049,3980,ZIPRASIDONE HYDROCHLORIDE,60,,,18098878,334264
00023,9163,CYCLOSPORINE,0.5,,,4765447.77,226309
00517,3950,CALCIUM GLUCONATE,98,,,1008337.41,6437
00054,3505,LIDOCAINE HYDROCHLORIDE,40,,,372567.331,3356
00054,3068,ALPRAZOLAM,1,CIV,,5100,140
00641,1495,PROMETHAZINE HYDROCHLORIDE,25,,,1231817.118,138020
00591,5716,AMOXAPINE,150,,,13596,382
00143,1765,ISOSORBIDE DINITRATE,2.5,,,561158,6484
00378,6150,OMEPRAZOLE,20,,,20063677.37,939299
51672,4062,FLUOROURACIL,20,,,1193,99
00023,4554,CARBOXYMETHYLCELLULOSE SODIUM,10,,,1387156.9,36644
00781,1034,TRIFLUOPERAZINE HYDROCHLORIDE,5,,,4042214.9,61908
00703,9416,TOBRAMYCIN,40,,,592322.132,7785
00378,5375,DOXEPIN HYDROCHLORIDE,75,,,2001082.6,3504001
00603,0857,GUAIFENESIN,100,,,6706866.25,34558
00054,8724,PREDNISONE,5,,,1102875.04,40170
00781,1643,AMOXICILLIN AND CLAVULANATE POTASSIUM,400; 57,,,1425340.734,58876
00013,2658,SOMATROPIN,NA,,,5180,192
00591,5708,CLINDAMYCIN HYDROCHLORIDE,150,,,6768531.226,167474
00703,9503,SULFAMETHOXAZOLE AND TRIMETHOPRIM,80; 16,,,11367,137
00904,5392,ATENOLOL,25,,,269253,7626
00781,2811,OXAZEPAM,30,CIV,,610338,9754
51672,4045,ENALAPRIL MALEATE AND HYDROCHLOROTHIAZIDE,5; 12.5,,,580385,16608
00054,4741,PREDNISONE,1,,,26380098.18,263209
00378,4021,DOXAZOSIN MESYLATE,1,,,269081,7489
00615,0564,ASPIRIN,325,,,141475,4568
00002,7502,GEMCITABINE HYDROCHLORIDE,1,,,13115.7,4199
00781,2037,CLOMIPRAMINE HYDROCHLORIDE,50,,,1524872,21294
00591,3221,TESTOSTERONE ENANTHATE,200,CIII,,28550.454,5282
00781,5183,LEVOTHYROXINE SODIUM,88,,,2473812,73301
00025,1942,METRONIDAZOLE,375,,,64831.829,2763
00093,1062,SOTALOL HYDROCHLORIDE,160,,,258735,4154
00074,3287,TRANDOLAPRIL AND VERAPAMIL HYDROCHLORIDE,2; 180,,,1625051,2825230
00904,2995,"NEOMYCIN SULFATE AND POLYMYXIN B SULFATE, BACITRACIN ZINC AND HYDROCORTISONE",3.5; 10000; 400; 10,,,110.46600000000001,33
00603,3739,FUROSEMIDE,20,,,1811344.2,48213
51672,4017,ETODOLAC,300,,,1810162,30005
00378,1142,GLYBURIDE,6,,,1721234,389251
00487,9301,ISODIUM CHLORIDE,0.027,,,347158.02,1235
00143,1209,CHLOROTHIAZIDE,250,,,25969.2,583
00143,1333,ISOSORBIDE MONONITRATE,20,,,89109,1714
00904,5496,NITROGLYCERIN,0.4,,,485117,16628
00904,5611,ENALAPRIL MALEATE,20,,,173048,3734
00904,5551,DIPHENHYDRAMINE HCL,25,,,62602,1008
00781,1407,HYDROXYCHLOROQUINE SULFATE,200,,,12091799.32,213373
00781,1407,HYDROXYCHLOROQUINE SULFATE,200,,,12091799.32,213373
00378,4003,ALPRAZOLAM,0.5,CIV,,40528473.6,2443153
00054,4581,MERCAPTOPURINE,50,,,625301.996,14398
00591,5884,METHYLPHENIDATE HYDROCHLORIDE,20,CII,,4401214.023,58122
00224,1801,PSYLLIUM HUSK,6,,,903813,2003
00093,2263,AMOXICILLIN,500,,,195404,8269
59762,5018,FLUCONAZOLE,200,,,363023,19991
00574,7116,MORPHINE SULFATE,30,CII,YES,6869,148
00406,3244,HYDROMORPHONE HYDROCHLORIDE,4,CII,YES,10310086.2,90276
00904,2970,TOBRAMYCIN,3,,,6961,1662
00406,9911,NORTRIPTYLINE HYDROCHLORIDE,25,,,102540,1425
00591,5789,NORTRIPTYLINE HYDROCHLORIDE,75,,,2267067,58786
00172,5411,FLUCONAZOLE,100,,,142935,11827
00007,4896,ROPINIROLE,4,,,708042,786656
00053,7680,ALBUMIN (HUMAN),25,,,136875,329
00002,3228,ATOMOXETINE HYDROCHLORIDE,25,,,25765038.812,736199
00781,5077,LORATADINE,10,,,147063611.612,5011766
00904,5679,PAROXETINE HYDROCHLORIDE,40,,,73953,2886
00093,7267,METFORMIN HYDROCHLORIDE,500,,,2510697.2,33592
51672,2016,"BACITRACIN ZINC, NEOMYCIN SULFATE, AND POLYMYXIN B SULFATE",400; 3.5; 5000,,,487456.788,16796
00023,2181,KETOROLAC TROMETHAMINE,5,,,1867838.95,300030
00781,5184,LEVOTHYROXINE SODIUM,100,,,9931068,283185
51672,4065,FLUCONAZOLE,100,,,8165.5,507
00006,3800,RIZATRIPTAN BENZOATE,5,,,127171.8,14012
00264,2304,ACETIC ACID,0.25,,,25090961,5524
00904,7734,MICONAZOLE NITRATE,2,,,839885.909,19176
00093,5119,DILTIAZEM HYDROCHLORIDE,300,,,5346672,163919
00574,7234,PROMETHAZINE HYDROCHLORIDE,25,,,532176.2,49047
00074,3290,TRANDOLAPRIL AND VERAPAMIL HYDROCHLORIDE,4; 240,,,4256606.24,2418125
00007,4893,ROPINIROLE,2,,,3383918,1171958
00007,4891,ROPINIROLE,0.5,,,3964833.196,1426053
00338,6011,MILRINONE LACTATE,0.2,,,26500,22
00703,4502,METOCLOPRAMIDE,5,,,77219.6,3508
00703,4502,METOCLOPRAMIDE,5,,,77219.6,3508
00703,4502,METOCLOPRAMIDE,5,,,77219.6,3508
00172,5313,CIPROFLOXACIN,750,,,37111.5,1690
00573,2871,"MINERAL OIL, PETROLATUM, PHENYLEPHRINE HCL",2.5; 140; 749,,,47982.7,984
00555,9010,NORETHINDRONE AND ETHINYL ESTRADIOL,NA,,,4037432.4,121599
52544,0931,IRON DEXTRAN,50,,,77834.38,9958
00002,4456,OLANZAPINE,20,,,4412362,133412
00013,2654,SOMATROPIN,NA,,,9065,336
00904,3379,SULINDAC,200,,,97168,1720
00536,4089,BENZOYL PEROXIDE,50,,,588384.542,12663
00002,8215,INSULIN HUMAN,100,,,10261313.624,1282600
00536,2525,CAPSAICIN,0.025,,,706323.48,11070
00555,9047,LEVONORGESTREL AND ETHINYL ESTRADIOL,NA,,,2889062.85,87929
00093,9660,ETHOSUXIMIDE,250,,,1137752.508,3033
00527,1370,LEVOTHYROXINE SODIUM,0.025,,,373975,11387
00172,4097,BACLOFEN,20,,,32827512.204,302550
49884,0549,ZAFIRLUKAST,10,,,45112,1296
00004,6940,GANCICLOVIR SODIUM,500,,,58474.46,4131
00406,8892,DEXTROAMPHETAMINE SACCHARATE AND AMPHETAMINE ASPARTATE AND DEXTROAMPHETAMINE SULFATE AND AMPHETAMINE SULFATE,2.5; 2.5; 2.5; 2.5,CII,,24278,417
00904,1987,ACETAMINOPHEN,500,,,2548503,26329
00832,1219,WARFARIN SODIUM,10,,,44229.5,2148
00573,2883,"COCOA BUTTER, PHENYLEPHRINE HYDROCHLORIDE",2211; 6.25,,,17027,559
00555,9025,NORETHINDRONE ACETATE AND ETHINYL ESTRADIOL,1; 20,,,56468,2185
00093,3127,DISOPYRAMIDE PHOSPHATE,100,,,23882,284
00781,2248,DICLOXACILLIN SODIUM,250,,,10590,259
00085,1385,RIBAVIRIN,200,,,2516383,717219
00781,2054,TERAZOSIN HYDROCHLORIDE,10,,,3367240.28,88560
00085,3320,NITROGLYCERIN,80,,,692418.06,3100943
00093,7222,FOSINOPRIL SODIUM,10,,,9202222.06,271003
51672,4034,WARFARIN SODIUM,7.5,,,1903165.8,77000
51672,5204,DESOXIMETASONE,2.5,,,16980,264
00093,8036,GLYBURIDE,6,,,859579,15484
00004,6416,NAPROXEN,500,,,28964,530
00641,1496,PROMETHAZINE HYDROCHLORIDE,50,,,301740.08,19437
00904,2720,POTASSIUM BICARBONATE,25,,,176503,4144
00172,6406,CROMOLYN SODIUM,20,,,2123015.5,12622
00069,2670,NIFEDIPINE,90,,,521038,14141
51672,4011,CLOMIPRAMINE HYDROCHLORIDE,25,,,2877585,41919
00703,9526,SULFAMETHOXAZOLE AND TRIMETHOPRIM,80; 16,,,41277.135,194
00093,7214,METFORMIN HYDROCHLORIDE,1000,,,12159723,196039
00781,2809,OXAZEPAM,10,CIV,,1055539,17726
00023,7824,POLYMYXIN B SULFATE AND TRIMETHOPRIM SULFATE,100000; 1,,,31660.96,3177
00904,7651,"ACETAMINOPHEN, DIPHENHYDRAMINE HYDROCHLORIDE",500; 25,,,115070,2940
00054,3177,DEXAMETHASONE,0.5,,,668185,5585
00054,8180,DEXAMETHASONE,0.75,,,13540.88,573
00023,9236,TAZAROTENE,1,,,2220,72
00591,5544,ALLOPURINOL,300,,,6176248.94,184630
00009,7529,IRINOTECAN HYDROCHLORIDE,20,,,268702.3,29701
00781,5189,LEVOTHYROXINE SODIUM,200,,,2307390,66462
00406,8961,DEXTROAMPHETAMINE SULFATE,10,CII,,492721,7488
00025,2752,DISOPYRAMIDE PHOSPHATE,100,,,10874,141
00536,4534,SIMETHICONE,125,,,630637,8110
00093,7208,MIRTAZAPINE,45,,,2854663,96766
00013,2649,SOMATROPIN,NA,,,13035,502
00006,3823,CASPOFUNGIN ACETATE,7,,,6374.3099999999995,230
00517,4601,GLYCOPYRROLATE,0.2,,,195754,1213
00487,9901,ALBUTEROL SULFATE,2.5,,,100509.7,3039
00009,7663,EXEMESTANE,25,,,841349,27639
00143,3370,FLURAZEPAM HYDROCHLORIDE,30,CIV,,1499408,46582
00069,2270,AMLODIPINE BESYLATE AND ATORVASTATIN CALCIUM,10; 80,,,31003,1029
00904,5577,IBUPROFEN,100,,,1497558,9050
00067,4345,SCOPOLAMINE,1,,,1163445.17,187830
00527,1344,LEVOTHYROXINE SODIUM,0.088,,,987052,31815
00536,3222,ACETAMINOPHEN,325,,,10702813,122391
00049,3190,VORICONAZOLE,10,,,14143,794
00049,3190,VORICONAZOLE,10,,,14143,794
00049,3190,VORICONAZOLE,10,,,14143,794
00591,5325,PROBENECID AND COLCHICINE,500; .5,,,1517998.6,31207
59762,4537,MEDROXYPROGESTERONE ACETATE,150,,,17703.06,16670
00299,5915,ADAPALENE,1,,,2217438.06,49219
00264,9341,"ISOLEUCINE, LEUCINE, LYSINE ACETATE, METHIONINE, PHENYLALANINE, THREONINE, TRYPTOPHAN, VALINE, CYSTEINE HYDROCHLORIDE, HISTIDINE, TYROSINE, N-ACETYL-TYROSINE, ALANINE, ARGININE, PROLINE, SERINE, GLYCINE, ASPARTIC ACID, GLUTAMIC ACID, AND TAURINE",.82; 1.4; 1.2; .34; .48; .42; .2; .78; .024; .48; .044; .24; .54; 1.2; .68; .38; .36; .32; .5; .025,,,4624614.602,2802
11523,7162,LORATADINE AND PSEUDOEPHEDRINE SULFATE,5; 120,,,5093502.34,111538
00406,9921,IMIPRAMINE HYDROCHLORIDE,25,,,36433,406
00591,3197,TERCONAZOLE,8,,,760288.72,38835
00169,6339,INSULIN ASPART,100,,,1829552.022,96643
00032,1711,PROGESTERONE,200,,,1311550.334,52570
51672,2018,HYDROCORTISONE,1,,,121119.698,3277
00555,9043,DESOGESTREL AND ETHINYL ESTRADIOL,NA,,,7544440.3040000005,210818
00006,3841,MONTELUKAST SODIUM,4,,,4494231.16,144792
00003,6336,HYDROXYUREA,300,,,61938,1412
00378,9116,NITROGLYCERIN,0.6,,,2439670,1598254
00378,4024,DOXAZOSIN MESYLATE,4,,,361174,1869465
00054,8650,OXYCODONE AND ACETAMINOPHEN,5; 325,CII,YES,866987,30794
00093,7207,MIRTAZAPINE,30,,,20983047.1,645614
00378,2405,TRIFLUOPERAZINE HYDROCHLORIDE,5,,,2426653.6,1996348
00781,1619,AMOXICILLIN AND CLAVULANATE POTASSIUM,200; 28.5,,,40316.2,1648
00904,5677,PAROXETINE HYDROCHLORIDE,20,,,617617,21281
51079,0966,FAMOTIDINE,20,,,4020125.4,109056
00054,8595,MEPERIDINE HYDROCHLORIDE,50,CII,,5182,141
00406,8959,DEXTROAMPHETAMINE SULFATE,10,CII,,138165,1315
51079,0981,LISINOPRIL,5,,,1263439,42011
00904,3016,NEOMYCIN AND POLYMYXIN B SULFATES AND GRAMICIDIN,1.75; 10000; .025,,,13665,1430
00002,7597,OLANZAPINE,10,,,31341,7943
00904,5678,PAROXETINE HYDROCHLORIDE,30,,,133562,4635
00069,2250,AMLODIPINE BESYLATE AND ATORVASTATIN CALCIUM,10; 40,,,139721,4474
00093,4125,PENICILLIN V POTASSIUM,125,,,225370,1255
59762,5008,MISOPROSTOL,200,,,651173,9391
00573,2840,"PHENYLEPHRINE HCL, WITCH HAZEL",2.5; 500,,,5763,61
00378,5110,PROCHLORPERAZINE MALEATE,10,,,5902580.76,457344
00009,5136,LINEZOLID,100,,,1384557,4160
00054,8604,MEGESTROL ACETATE,40,,,265412,4445
00591,3128,PROGESTERONE,50,,,9575.148000000001,742
00603,1786,ASCORBIC ACID AND CHOLECALCIFEROL AND SODIUM FLUORIDE AND VITAMIN A PALMITATE,1500; 35; 400; .5,,,312135,6129
00536,7415,SODIUM PHOSPHATE,7; 19,,,17446393.344,27640
00536,6550,WHITE PETROLATUM MINERAL OIL,150; 830,,,78486.55,17702
00603,4593,METHYLPREDNISOLONE,4,,,4629436.296,206053
00002,4462,TADALAFIL,5,,,3868,705
00071,2418,ETHOSUXIMIDE,250,,,2888107.108,6951
00115,3511,PYRIDOSTIGMINE BROMIDE,60,,,76839,546
00069,3230,PIROXICAM,20,,,11073,292
00093,6108,FLUOXETINE,20,,,5195791.5,34220
00299,3847,CLOBETASOL PROPIONATE,0.05,,,556764,4673
00781,6153,PENICILLIN G SODIUM,5000000,,,649,20
00904,4274,DIPHENHYDRAMINE HCL,25,,,4249,76
00555,9009,NORETHINDRONE AND ETHINYL ESTRADIOL,1; .035,,,36156,1237
00884,2993,PHENOL,15,,,37041.82,1007
00527,1350,LEVOTHYROXINE SODIUM,0.175,,,542833,17576
00904,3006,DEXAMETHASONE SODIUM PHOSPHATE,1,,,1687,377
00009,3382,CLINDAMYCIN PHOSPHATE,18,,,287394.22,503
00054,4538,METHADONE HYDROCHLORIDE,40,CII,,736403.6,5958
00093,8034,GLYBURIDE,1.5,,,57955,1552
00143,9916,NAPROXEN SODIUM,275,,,135986,3077
00517,6110,ZINC SULFATE,1,,,234714.97,7075
00641,2341,HYDROMORPHONE HYDROCHLORIDE,2,CII,YES,318062,4704
00904,5524,DOXAZOSIN,4,,,127322,3855
00574,7034,ASPIRIN,300,,,3974,225
00904,5497,NITROGLYCERIN,0.6,,,84789,2876
00143,2125,CHLOROQUINE PHOSPHATE,500,,,42524.18,2802
00185,4057,PHENDIMETRAZINE TARTRATE,35,CIII,,8848,108
00143,9928,CIPROFLOXACIN,500,,,165478,9674
00046,1104,"ESTROGENS, CONJUGATED",1.25,,,2354013.64,65101
00378,6097,FLUPHENAZINE HYDROCHLORIDE,10,,,5569526.5,2085180
00023,9277,KETOROLAC TROMETHAMINE,4,,,447283.6,81043
00054,8603,MEGESTROL ACETATE,20,,,51432,1105
00006,3822,CASPOFUNGIN ACETATE,5,,,455185,8264
00517,9702,DROPERIDOL,2.5,,,1911.44,382
00904,5495,NITROGLYCERIN,0.2,,,689093.3,24014
00904,5529,FAMOTIDINE,10,,,15702,266
00002,3240,DULOXETINE HYDROCHLORIDE,30,,,2399330.628,66968
00904,7727,ALUMINUM HYDROXIDE AND MAGNESIUM CARBONATE,95; 358,,,1933205,3067
00527,1372,LEVOTHYROXINE SODIUM,0.075,,,609337,18890
51672,1309,BETAMETHASONE DIPROPIONATE,0.5,,,14029,309
00884,2592,SALICYLIC ACID,170,,,7249,485
00641,2555,PHENYTOIN SODIUM,50,,,20183,253
00574,7093,HYDROCORTISONE ACETATE,30,,,856,35
00264,1915,"GLYCERIN, ISOLEUCINE, LEUCINE, LYSINE, METHIONINE, PHENYLALANINE, THREONINE, TRYPTOPHAN, VALINE, ALANINE, GLYCINE, ARGININE, HISTIDINE, PROLINE, SERINE, CYSTEINE, SODIUM ACETATE, MAGNESIUM ACETATE, CALCIUM ACETATE, SODIUM CHLORIDE, POTASSIUM CHLORIDE, PHOSPHORIC ACID, AND POTASSIUM METABISULFITE",3; .21; .27; .22; .16; .17; .12; .046; .2; .21; .42; .29; .085; .34; .18; .014; .2; .054; .026; .12; .15; .041,,,1666803,314
00074,1564,VALPROATE SODIUM,100,,,41445.5,194
00264,7652,"DEXTROSE, SODIUM CHLORIDE, AND POTASSIUM CHLORIDE",5; .9; .15,,,93e3,11
00603,7781,HYDROCORTISONE,25,,,129277.742,3493
00904,5536,NAPROXEN,375,,,19917,391
00555,9018,NORGESTIMATE AND ETHINYL ESTRADIOL,NA,,,17995317.742,530443
00093,7172,ETODOLAC,500,,,1764410,35465
00093,4127,PENICILLIN V POTASSIUM,250,,,1052058,5673
00591,5714,AMOXAPINE,50,,,874114,12736
00228,2665,GABAPENTIN,100,,,5296629.994,58480
00054,4498,LEUCOVORIN CALCIUM,15,,,4525,167
00054,8179,DEXAMETHASONE,0.5,,,20563,545
00536,3297,ASPIRIN,81,,,3036885.5,87829
00054,8550,METHOTREXATE SODIUM,2.5,,,19501,1136
00536,6237,HYPROMELLOSE,4,,,82567,5070
00904,7695,CALCIUM CARBONATE,750,,,392783,4237
00009,3447,CLINDAMYCIN PHOSPHATE,150,,,6721,226
00703,4412,VINCRISTINE SULFATE,1,,,4357.48,2226
00074,6122,FENOFIBRATE,48,,,39796.666,952
00185,7400,LEUPROLIDE ACETATE,1,,,270.2,125
00904,7891,DOCUSATE SODIUM,250,,,1987306,26421
00517,9310,TRACE ELEMENTS 4,2.2; .4; 92.3; 5.12,,,81021.21,2292
00003,6335,HYDROXYUREA,200,,,48996.364,851
00703,3019,FLUOROURACIL,5,,,5203,45
00904,7725,LOPERAMIDE HYDROCHLORIDE,2,,,83146,3530
00904,3854,CARBAMAZEPINE,100,,,207525,2053
00003,6337,HYDROXYUREA,400,,,79608,1565
00054,8648,OXYCODONE AND ACETAMINOPHEN,5; 325,CII,YES,9817,51
00009,5176,PEGVISOMANT,NA,,,3442,130
59762,5028,GABAPENTIN,400,,,2643411.62,26810
00615,3593,PREDNISONE,10,,,484,28
00406,9960,TEMAZEPAM,7.5,CIV,,341,18
00781,6136,PENICILLIN G POTASSIUM,20000000,,,90252.92,565
00615,2572,CLONIDINE HYDROCHLORIDE,0.1,,,8572,182
48878,3317,STANNOUS FLUORIDE,1.53,,,16161,57
00264,7520,DEXTROSE,10,,,460501.1,172
00574,9119,COMPOUND BENZOIN,100,,,7044.68,103
00143,9927,CIPROFLOXACIN,250,,,22642,1779
00703,5854,FLUDARABINE PHOSPHATE,50,,,715,190
00615,4568,CARBIDOPA AND LEVODOPA,50; 200,,,12160,134
00904,5537,NAPROXEN,500,,,41648,942
00228,2636,GABAPENTIN,600,,,149051,1690
00615,3544,ATENOLOL,25,,,1850,64
00904,2992,TETRAHYDROZOLINE HCL,0.5,,,885,59
00904,5115,"CALCIUM CARBONATE, MAGNESIUM HYDROXIDE",700; 300,,,43090,455
00002,7140,ABCIXIMAB,2,,,484,62
00143,9919,GLYBURIDE,3,,,4833,119
00054,8496,LEUCOVORIN CALCIUM,5,,,1093,42
00904,7688,"PHENYLEPHRINE HYDROCHLORIDE AND FAT, HARD",5; 1.77,,,128378,6202
00264,9361,"ISOLEUCINE, LEUCINE, LYSINE ACETATE, METHIONINE, PHENYLALANINE, THREONINE, TRYPTOPHAN, VALINE, CYSTEINE HYDROCHLORIDE, HISTIDINE, TYROSINE, N-ACETYL-TYROSINE, ALANINE, ARGININE, PROLINE, SERINE, GLYCINE, ASPARTIC ACID, GLUTAMIC ACID, AND TAURINE",.49; .84; .69; .2; .29; .25; .12; .47; .02; .29; .044; .12; .32; .73; .41; .23; .22; .19; .3; .015,,,39556.75,21
00003,2560,AZTREONAM,1,,,1260,137
00904,5525,DOXAZOSIN,8,,,15146,431
00904,5314,SODIUM CHLORIDE,50,,,9005,581
00904,7938,"NEOMYCIN SULFATE, POLYMYXIN B SULFATE, AND DEXAMETHASONE",3.5; 10000; 1,,,198.5,58
00641,2569,DIPYRIDAMOLE,5,,,1583,109
00406,8891,DEXTROAMPHETAMINE SACCHARATE AND AMPHETAMINE ASPARTATE AND DEXTROAMPHETAMINE SULFATE AND AMPHETAMINE SULFATE,1.25; 1.25; 1.25; 1.25,CII,,13281,254
00085,1168,INTERFERON ALFA-2B,11.6,,,7085.711,121185
00264,1943,MULTI ELECTROLYTE CONCENTRATE,1.96; 1.17; .68; .51; .37,,,9968,76
00615,3541,BACLOFEN,10,,,1333,21
00378,7010,LOXAPINE,10,,,756,280009
00517,8105,ZINC SULFATE,12.32,,,46151.848,2200
00555,9066,NORETHINDRONE AND ETHINYL ESTRADIOL,NA,,,43036,1411
00591,5319,PROMETHAZINE HYDROCHLORIDE,50,,,1798727,35481
00703,5748,CISPLATIN,100,,,23467,255
00406,8894,DEXTROAMPHETAMINE SACCHARATE AND AMPHETAMINE ASPARTATE AND DEXTROAMPHETAMINE SULFATE AND AMPHETAMINE SULFATE,7.5; 7.5; 7.5; 7.5,CII,,2367,42
00615,4546,ISOSORBIDE MONONITRATE,30,,,1194,39
00703,5653,ETOPOSIDE,20,,,2673.6,235
00054,8146,CLOTRIMAZOLE,10,,,3583,59
00904,5377,WATER,99.05,,,7480,63
00093,9614,SILVER NITRATE,0.005,,,9005,13
00264,9587,HEPARIN SODIUM AND DEXTROSE,10000; 5,,,177507,707
00904,5609,ENALAPRIL MALEATE,2.5,,,22632,584
00615,4515,CARBAMAZEPINE,100,,,2126,22
00904,5709,BISMUTH SUBSALICYLATE,262,,,3114,13
00904,5304,"HARD FAT, PHENYLEPHRINE HCL",74; 2,,,11925,434
00615,4536,BUMETANIDE,1,,,3796,122
00615,4590,ENALAPRIL MALEATE,5,,,1518,48
00615,4517,SUCRALFATE,1,,,1985,27
00904,5098,"MENTHOL, ZINC OXIDE",1.5; 10,,,19244,68
00615,4523,PENTOXIFYLLINE,400,,,10277,151
00904,5666,"DIBASIC SODIUM PHOSPHATE, MONOBASIC SODIUM PHOSPHATE",2.9; 7.2,,,2790,29
00536,2425,CHLORASEPTIC,1.5,,,6117,34
00264,7645,"DEXTROSE, SODIUM CHLORIDE, AND POTASSIUM CHLORIDE",5; .2; .15,,,311e3,16
00378,2042,BROMOCRIPTINE MESYLATE,2.5,,,2955,42
